,nb_accuracy,knn_accuracy,logit_accuracy,svm_accuracy
rtn_1d_mtm_1d_sma_5d_std_20d_sr_im_hlm,0.5099009040341753,0.5267841808242741,0.5198380861132181,0.5222484434261387
rtn_1d_mtm_1d_sma_5d_std_40d_sr_im_hlm,0.5088292357704143,0.5131399877237748,0.5198384450108282,0.519839163769532
rtn_1d_mtm_1d_sma_5d_std_60d_sr_im_hlm,0.51499834124269,0.510448955137052,0.521446308231047,0.5235903644807562
rtn_1d_mtm_1d_sma_5d_std_80d_sr_im_hlm,0.5064152904448762,0.5192943475625638,0.5222534737735812,0.521983938777945
rtn_1d_mtm_1d_sma_5d_std_100d_sr_im_hlm,0.5101711635694164,0.5083131583497926,0.5211782107528181,0.5222491612213589
rtn_1d_mtm_1d_sma_10d_std_20d_sr_im_hlm,0.5096331664170402,0.5289242872733053,0.519301894047211,0.5214452325017002
rtn_1d_mtm_1d_sma_10d_std_40d_sr_im_hlm,0.5088292357704143,0.5118013006015824,0.5195692708397691,0.5193026118424312
rtn_1d_mtm_1d_sma_10d_std_60d_sr_im_hlm,0.51499834124269,0.5083023875675556,0.5214463091945304,0.5214463091945304
rtn_1d_mtm_1d_sma_10d_std_80d_sr_im_hlm,0.5064152904448762,0.5192911174840729,0.522788948044368,0.5219835789168512
rtn_1d_mtm_1d_sma_10d_std_100d_sr_im_hlm,0.509903067054671,0.5115317530806603,0.5198380870767016,0.5217133270894784
rtn_1d_mtm_1d_sma_15d_std_20d_sr_im_hlm,0.5099016227928791,0.5259806090752585,0.5195696316643462,0.5219825051144716
rtn_1d_mtm_1d_sma_15d_std_40d_sr_im_hlm,0.5090976921462532,0.5147489286003072,0.5179606907878137,0.5182309445421538
rtn_1d_mtm_1d_sma_15d_std_60d_sr_im_hlm,0.5144628660084195,0.5091023626326021,0.5206423775844211,0.5206430963431248
rtn_1d_mtm_1d_sma_15d_std_80d_sr_im_hlm,0.5050773211179038,0.516609429723982,0.5225201318074356,0.5225197719463419
rtn_1d_mtm_1d_sma_15d_std_100d_sr_im_hlm,0.5101711635694164,0.5152754082707207,0.5201061835914469,0.5217129681918683
rtn_1d_mtm_1d_sma_20d_std_20d_sr_im_hlm,0.5096331664170402,0.5206147164543884,0.5193022539083045,0.5211789324019723
rtn_1d_mtm_1d_sma_20d_std_40d_sr_im_hlm,0.5088292357704143,0.5158137701016082,0.519033078773762,0.5193018950106947
rtn_1d_mtm_1d_sma_20d_std_60d_sr_im_hlm,0.5141944096325807,0.5128585908008183,0.519840602250423,0.5214477467119378
rtn_1d_mtm_1d_sma_20d_std_80d_sr_im_hlm,0.504808864742065,0.521703269285044,0.5233237035564513,0.5217158412997162
rtn_1d_mtm_1d_sma_20d_std_100d_sr_im_hlm,0.5096346106788322,0.5139399541174697,0.5209101152015563,0.5217118905355544
rtn_1d_mtm_1d_sma_25d_std_20d_sr_im_hlm,0.5096331664170402,0.5275877554637404,0.5201058256573203,0.5214473887778113
rtn_1d_mtm_1d_sma_25d_std_40d_sr_im_hlm,0.5088292357704143,0.5198276819364593,0.5195689129056426,0.5190341573935594
rtn_1d_mtm_1d_sma_25d_std_60d_sr_im_hlm,0.5141944096325807,0.5195581353790207,0.5203764373457869,0.5209119125800573
rtn_1d_mtm_1d_sma_25d_std_80d_sr_im_hlm,0.504808864742065,0.5192947074236575,0.5217162011608097,0.521447026026267
rtn_1d_mtm_1d_sma_25d_std_100d_sr_im_hlm,0.5099027071935776,0.5104597268827726,0.5209101152015563,0.5222480845285287
rtn_1d_mtm_2d_sma_5d_std_20d_sr_im_hlm,0.5131313664732643,0.5225111603306665,0.5168893862390804,0.5176947534396301
rtn_1d_mtm_2d_sma_5d_std_40d_sr_im_hlm,0.5125926573065688,0.5174245054661913,0.515819873287947,0.515553212363642
rtn_1d_mtm_2d_sma_5d_std_60d_sr_im_hlm,0.5125897822717539,0.5131277668988445,0.5176947553665971,0.5168893852755969
rtn_1d_mtm_2d_sma_5d_std_80d_sr_im_hlm,0.5123220446546186,0.5080378790654277,0.5225194178661494,0.5230534565464959
rtn_1d_mtm_2d_sma_5d_std_100d_sr_im_hlm,0.5120514320026686,0.5171546029015932,0.5198384507917294,0.5190363155966374
rtn_1d_mtm_2d_sma_10d_std_20d_sr_im_hlm,0.512863628856129,0.5243835253086285,0.5163531922461063,0.5166220075195553
rtn_1d_mtm_2d_sma_10d_std_40d_sr_im_hlm,0.5125926573065688,0.5233208439373727,0.5144790308531269,0.5144797496118305
rtn_1d_mtm_2d_sma_10d_std_60d_sr_im_hlm,0.5125897822717539,0.5091045140912958,0.5166212906878187,0.5160843760091737
rtn_1d_mtm_2d_sma_10d_std_80d_sr_im_hlm,0.5123220446546186,0.5133969401064201,0.5217147694243034,0.5227857198928443
rtn_1d_mtm_2d_sma_10d_std_100d_sr_im_hlm,0.5120514320026686,0.5125983977413633,0.5198395294115267,0.51930477293596
rtn_1d_mtm_2d_sma_15d_std_20d_sr_im_hlm,0.514202316941805,0.51983234471494,0.5158162804579118,0.5152818828799554
rtn_1d_mtm_2d_sma_15d_std_40d_sr_im_hlm,0.5123249196894336,0.5241211865713811,0.5144790298896432,0.5144793897507369
rtn_1d_mtm_2d_sma_15d_std_60d_sr_im_hlm,0.5147316832088356,0.5085686828498658,0.5150130685699897,0.5144775933357193
rtn_1d_mtm_2d_sma_15d_std_80d_sr_im_hlm,0.5120543070374834,0.50938195735964,0.5217136908045061,0.523320835266021
rtn_1d_mtm_2d_sma_15d_std_100d_sr_im_hlm,0.5104450062998573,0.5160771884221366,0.5182309483960879,0.5190355968379338
rtn_1d_mtm_2d_sma_20d_std_20d_sr_im_hlm,0.5131306477145604,0.5273286410240827,0.5150127087088963,0.5142105735138044
rtn_1d_mtm_2d_sma_20d_std_40d_sr_im_hlm,0.5120564633135947,0.5227796205604396,0.5139431967212463,0.5144804674070507
rtn_1d_mtm_2d_sma_20d_std_60d_sr_im_hlm,0.5128568011301853,0.5109826339563049,0.5168890273414702,0.515818075909446
rtn_1d_mtm_2d_sma_20d_std_80d_sr_im_hlm,0.512321325895915,0.5139403207229479,0.519837013274322,0.5217126131481923
rtn_1d_mtm_2d_sma_20d_std_100d_sr_im_hlm,0.5101765499240184,0.5147420912395285,0.5187664226668747,0.5187664226668747
rtn_1d_mtm_2d_sma_25d_std_20d_sr_im_hlm,0.5131306477145604,0.5227720740757922,0.5142087780622704,0.5144783111309396
rtn_1d_mtm_2d_sma_25d_std_40d_sr_im_hlm,0.51232420093073,0.5225100865282868,0.5142116521336018,0.5147474862654822
rtn_1d_mtm_2d_sma_25d_std_60d_sr_im_hlm,0.5128568011301853,0.5133940689255393,0.517425220370961,0.5160872510439887
rtn_1d_mtm_2d_sma_25d_std_80d_sr_im_hlm,0.512321325895915,0.5136776134532552,0.519837013274322,0.5206409448844312
rtn_1d_mtm_2d_sma_25d_std_100d_sr_im_hlm,0.5101765499240184,0.5117969755240742,0.5187671414255784,0.5190341602840098
rtn_1d_mtm_3d_sma_5d_std_20d_sr_im_hlm,0.5096385566255762,0.5152840449369676,0.5123277860528969,0.511790873301219
rtn_1d_mtm_3d_sma_5d_std_40d_sr_im_hlm,0.51017367392572,0.526548067626619,0.5142023101974204,0.514469687953462
rtn_1d_mtm_3d_sma_5d_std_60d_sr_im_hlm,0.5117826148022526,0.5265351290064686,0.5123270672941931,0.5125955236700321
rtn_1d_mtm_3d_sma_5d_std_80d_sr_im_hlm,0.5082973562566295,0.508857982264629,0.514469684099528,0.5155406345680689
rtn_1d_mtm_3d_sma_5d_std_100d_sr_im_hlm,0.5112457039775418,0.5029623615886678,0.5139324134137235,0.513665394555292
rtn_1d_mtm_3d_sma_10d_std_20d_sr_im_hlm,0.5096385566255762,0.5163521222976606,0.5131313587653961,0.5133998141777514
rtn_1d_mtm_3d_sma_10d_std_40d_sr_im_hlm,0.51017367392572,0.5278921439938642,0.5144707665732593,0.5147392219856147
rtn_1d_mtm_3d_sma_10d_std_60d_sr_im_hlm,0.5115148771851173,0.5222524096060367,0.5115224178888635,0.5131313578019127
rtn_1d_mtm_3d_sma_10d_std_80d_sr_im_hlm,0.5093690245203905,0.50563866395764,0.513934209828741,0.5150048013996718
rtn_1d_mtm_3d_sma_10d_std_100d_sr_im_hlm,0.5112457039775418,0.5118009330326204,0.5131277630449105,0.5131274041473003
rtn_1d_mtm_3d_sma_15d_std_20d_sr_im_hlm,0.5099070130014152,0.5139424827799602,0.5144700468510721,0.5144725620247933
rtn_1d_mtm_3d_sma_15d_std_40d_sr_im_hlm,0.5109776055358294,0.5265527371494845,0.5144707665732593,0.5134005348634223
rtn_1d_mtm_3d_sma_15d_std_60d_sr_im_hlm,0.5115155959438211,0.5150181037348499,0.5120596895381515,0.5136653955187754
rtn_1d_mtm_3d_sma_15d_std_80d_sr_im_hlm,0.5091012878667389,0.5067092526381203,0.5150051612607653,0.5158080142510774
rtn_1d_mtm_3d_sma_15d_std_100d_sr_im_hlm,0.5115141603533807,0.5069730327467092,0.5115216981666764,0.5112539605495411
rtn_1d_mtm_3d_sma_20d_std_20d_sr_im_hlm,0.5099070130014152,0.5144801171807922,0.5147392219856147,0.5155435134568177
rtn_1d_mtm_3d_sma_20d_std_40d_sr_im_hlm,0.5104421303015589,0.524944153243595,0.514471126434353,0.5134008947245159
rtn_1d_mtm_3d_sma_20d_std_60d_sr_im_hlm,0.5115155959438211,0.5187642683177306,0.512326708396583,0.5133972990040302
rtn_1d_mtm_3d_sma_20d_std_80d_sr_im_hlm,0.5096374808962294,0.5069795044654931,0.5166108682048729,0.516075392007119
rtn_1d_mtm_3d_sma_20d_std_100d_sr_im_hlm,0.5115141603533807,0.5093866249555382,0.5112550391693385,0.5115234945816939
rtn_1d_mtm_3d_sma_25d_std_20d_sr_im_hlm,0.5099070130014152,0.5142116608049534,0.5147392219856147,0.5158116099715631
rtn_1d_mtm_3d_sma_25d_std_40d_sr_im_hlm,0.5104421303015589,0.520120926334483,0.5144707675367429,0.5128650605926353
rtn_1d_mtm_3d_sma_25d_std_60d_sr_im_hlm,0.5117833335609563,0.5182255591510352,0.5133976588651239,0.5133969401064201
rtn_1d_mtm_3d_sma_25d_std_80d_sr_im_hlm,0.5085658126324685,0.5077827124994811,0.5166105083437793,0.516075033109509
rtn_1d_mtm_3d_sma_25d_std_100d_sr_im_hlm,0.5109786851191103,0.506441868137694,0.5115227767864736,0.5115227767864736
rtn_1d_mtm_4d_sma_5d_std_20d_sr_im_hlm,0.5112572031533178,0.5093866345903735,0.5117919528844999,0.511792672606687
rtn_1d_mtm_4d_sma_5d_std_40d_sr_im_hlm,0.5101826598547419,0.5179581881393782,0.5142048263346253,0.5142048263346253
rtn_1d_mtm_4d_sma_5d_std_60d_sr_im_hlm,0.5099120472027917,0.5131198634435542,0.5136653974457426,0.5125944469772017
rtn_1d_mtm_4d_sma_5d_std_80d_sr_im_hlm,0.5107156189518076,0.5066955971862331,0.5142023082704534,0.5147377835047239
rtn_1d_mtm_4d_sma_5d_std_100d_sr_im_hlm,0.5104450062998573,0.508840009443102,0.5112571954454496,0.5120604082968552
rtn_1d_mtm_4d_sma_10d_std_20d_sr_im_hlm,0.5123281536218587,0.5101855358530403,0.5123281468774741,0.5107195677890021
rtn_1d_mtm_4d_sma_10d_std_40d_sr_im_hlm,0.5104507563694872,0.5166169829530138,0.5134005358269057,0.5128639829363215
rtn_1d_mtm_4d_sma_10d_std_60d_sr_im_hlm,0.5096443095856565,0.5050837822383692,0.5136668349631501,0.5128636221117444
rtn_1d_mtm_4d_sma_10d_std_80d_sr_im_hlm,0.5133929951231595,0.5091135000203174,0.5139331340993942,0.5147374246071138
rtn_1d_mtm_4d_sma_10d_std_100d_sr_im_hlm,0.5099095310655869,0.5050963513625909,0.5123285057750842,0.5120600493992452
rtn_1d_mtm_4d_sma_15d_std_20d_sr_im_hlm,0.5125958912389939,0.5142037525322454,0.5128636221117444,0.5112557617819762
rtn_1d_mtm_4d_sma_15d_std_40d_sr_im_hlm,0.510450397471877,0.5142048301885593,0.5125962443557028,0.5125962443557028
rtn_1d_mtm_4d_sma_15d_std_60d_sr_im_hlm,0.511518472905603,0.5085665265737546,0.512595166699389,0.512595166699389
rtn_1d_mtm_4d_sma_15d_std_80d_sr_im_hlm,0.5109833565689426,0.513127765935361,0.513665037584649,0.5136636000672417
rtn_1d_mtm_4d_sma_15d_std_100d_sr_im_hlm,0.5093726183139091,0.5085744242481438,0.5112557588915256,0.5115234965086609
rtn_1d_mtm_4d_sma_20d_std_20d_sr_im_hlm,0.5123274348631549,0.5136729468208404,0.5120625655364499,0.5109883830624511
rtn_1d_mtm_4d_sma_20d_std_40d_sr_im_hlm,0.5096453872419705,0.5144754409135424,0.5123303021901016,0.5125980398072368
rtn_1d_mtm_4d_sma_20d_std_60d_sr_im_hlm,0.5096435908269529,0.5069575847337385,0.5139356512000826,0.5134001759658122
rtn_1d_mtm_4d_sma_20d_std_80d_sr_im_hlm,0.5107149001931036,0.5107098602108261,0.5131295623503787,0.5139334939604879
rtn_1d_mtm_4d_sma_20d_std_100d_sr_im_hlm,0.5096396371723405,0.5058999231116067,0.5115234965086609,0.5112557588915256
rtn_1d_mtm_4d_sma_25d_std_20d_sr_im_hlm,0.511256484394614,0.5155485495851614,0.5128661382489492,0.5109876643037474
rtn_1d_mtm_4d_sma_25d_std_40d_sr_im_hlm,0.509914203478903,0.5201015217764497,0.512865418526762,0.5125980398072368
rtn_1d_mtm_4d_sma_25d_std_60d_sr_im_hlm,0.5096435908269529,0.5104478765172547,0.5125966042167964,0.5128643418339316
rtn_1d_mtm_4d_sma_25d_std_80d_sr_im_hlm,0.5107149001931036,0.5141933242683987,0.5133980187262175,0.5136657563433527
rtn_1d_mtm_4d_sma_25d_std_100d_sr_im_hlm,0.5096396371723405,0.5117915882059887,0.5107202836572553,0.5107202836572553
rtn_1d_mtm_5d_sma_5d_std_20d_sr_im_hlm,0.5142019580441948,0.5142026739124481,0.5134041286569409,0.5128686543861539
rtn_1d_mtm_5d_sma_5d_std_40d_sr_im_hlm,0.5080350088480305,0.49867461184079326,0.5155471062868529,0.5155485438042602
rtn_1d_mtm_5d_sma_5d_std_60d_sr_im_hlm,0.5117862105227382,0.4938316176221039,0.5184918602142465,0.5179585412560872
rtn_1d_mtm_5d_sma_5d_std_80d_sr_im_hlm,0.5088385844509803,0.5026802613227439,0.5171510168159428,0.516080066347402
rtn_1d_mtm_5d_sma_5d_std_100d_sr_im_hlm,0.5077633214302171,0.5064246256366729,0.5134034089347536,0.5117969832319422
rtn_1d_mtm_5d_sma_10d_std_20d_sr_im_hlm,0.5131310075756541,0.516071804957985,0.5117969851589093,0.5120650826371381
rtn_1d_mtm_5d_sma_10d_std_40d_sr_im_hlm,0.508575515393227,0.49706962172842245,0.5152797285308112,0.5150116320160659
rtn_1d_mtm_5d_sma_10d_std_60d_sr_im_hlm,0.5131248986084143,0.48981411681115183,0.5179553073236622,0.5174234258829105
rtn_1d_mtm_5d_sma_10d_std_80d_sr_im_hlm,0.5088385844509803,0.5058963456973078,0.5163474460304106,0.5147406614299892
rtn_1d_mtm_5d_sma_10d_std_100d_sr_im_hlm,0.5077633214302171,0.5082984290955258,0.5128668550806859,0.511795904612145
rtn_1d_mtm_5d_sma_15d_std_20d_sr_im_hlm,0.5131310075756541,0.5136610916379049,0.5112604322683253,0.5109919758924863
rtn_1d_mtm_5d_sma_15d_std_40d_sr_im_hlm,0.5085676090474859,0.4981412928826341,0.5152786508744974,0.5144747192643881
rtn_1d_mtm_5d_sma_15d_std_60d_sr_im_hlm,0.5125879858567364,0.48955105449778313,0.5182248413558149,0.5171553284046816
rtn_1d_mtm_5d_sma_15d_std_80d_sr_im_hlm,0.509909534919521,0.5021465834669745,0.5163481638256309,0.5144740005056844
rtn_1d_mtm_5d_sma_15d_std_100d_sr_im_hlm,0.5080310590473522,0.5117840475022424,0.51206292443406,0.5123310209488052
rtn_1d_mtm_5d_sma_20d_std_20d_sr_im_hlm,0.5120571820722984,0.5034845470130457,0.5104561407971222,0.5109930535488
rtn_1d_mtm_5d_sma_20d_std_40d_sr_im_hlm,0.5053540388831598,0.5000172516541146,0.5144750781619981,0.5147428157791334
rtn_1d_mtm_5d_sma_20d_std_60d_sr_im_hlm,0.5123195294808974,0.4943749982386317,0.5168854345114353,0.5158155626626917
rtn_1d_mtm_5d_sma_20d_std_80d_sr_im_hlm,0.5077669152237357,0.4994652526775267,0.5155442322155215,0.51527721335709
rtn_1d_mtm_5d_sma_20d_std_100d_sr_im_hlm,0.5077626026715133,0.5088328286004493,0.5120622056753563,0.5112593526850443
rtn_1d_mtm_5d_sma_25d_std_20d_sr_im_hlm,0.5139335016683559,0.5037508509667076,0.5104561407971222,0.510724597172961
rtn_1d_mtm_5d_sma_25d_std_40d_sr_im_hlm,0.5061572517345654,0.5043017713234981,0.5136715064129824,0.514743175640227
rtn_1d_mtm_5d_sma_25d_std_60d_sr_im_hlm,0.5112485790123567,0.4970516537243131,0.5160807851061057,0.5152797285308112
rtn_1d_mtm_5d_sma_25d_std_80d_sr_im_hlm,0.5077669152237357,0.5034870631502505,0.5163481628621474,0.5155453098718352
rtn_1d_mtm_5d_sma_25d_std_100d_sr_im_hlm,0.5077626026715133,0.5061522165697053,0.511526730441086,0.511526730441086
rtn_2d_mtm_1d_sma_5d_std_20d_sr_im_hlm,0.512863987753739,0.5128639887172227,0.5187574396283036,0.5192914763816828
rtn_2d_mtm_1d_sma_5d_std_40d_sr_im_hlm,0.512593016204179,0.5198373818067672,0.5182212456353295,0.5182201689424991
rtn_2d_mtm_1d_sma_5d_std_60d_sr_im_hlm,0.5117872872155684,0.5131141133739245,0.5155417122243826,0.5163456428710085
rtn_2d_mtm_1d_sma_5d_std_80d_sr_im_hlm,0.5120543070374834,0.5107138196463394,0.5176861283351856,0.517150294203305
rtn_2d_mtm_1d_sma_5d_std_100d_sr_im_hlm,0.5107127439169925,0.5166065566161342,0.516881478929856,0.5152746943294346
rtn_2d_mtm_1d_sma_10d_std_20d_sr_im_hlm,0.5133994629880094,0.5125998448936061,0.5174176748497972,0.5174147988514988
rtn_2d_mtm_1d_sma_10d_std_40d_sr_im_hlm,0.5123252785870437,0.5241190264413358,0.5174173159521871,0.5174158784347795
rtn_2d_mtm_1d_sma_10d_std_60d_sr_im_hlm,0.5120550248327037,0.5157911316111499,0.5144714805145455,0.5152761308833586
rtn_2d_mtm_1d_sma_10d_std_80d_sr_im_hlm,0.511518831803213,0.5053536770950992,0.5174187515426275,0.5171513728231024
rtn_2d_mtm_1d_sma_10d_std_100d_sr_im_hlm,0.5104450062998573,0.5166112299929335,0.5174187505791439,0.5155427918076635
rtn_2d_mtm_1d_sma_15d_std_20d_sr_im_hlm,0.5147381510736855,0.5117912389432137,0.5176850526058387,0.5174147988514988
rtn_2d_mtm_1d_sma_15d_std_40d_sr_im_hlm,0.5115220657356381,0.5209065377872575,0.5160775511736808,0.5166123076492474
rtn_2d_mtm_1d_sma_15d_std_60d_sr_im_hlm,0.5120543070374834,0.5168663927049459,0.5131317166995226,0.5150069567122995
rtn_2d_mtm_1d_sma_15d_std_80d_sr_im_hlm,0.5123220446546186,0.5069615374248673,0.5163478020375701,0.5166162574499256
rtn_2d_mtm_1d_sma_15d_std_100d_sr_im_hlm,0.5099095310655869,0.5136636019942086,0.5163467234177729,0.5171502951667885
rtn_2d_mtm_1d_sma_20d_std_20d_sr_im_hlm,0.5139342194635762,0.5195577851527624,0.5171495773715684,0.5171481398541609
rtn_2d_mtm_1d_sma_20d_std_40d_sr_im_hlm,0.5104503965083935,0.5147417477576547,0.5144700487780391,0.5155402804878761
rtn_2d_mtm_1d_sma_20d_std_60d_sr_im_hlm,0.5120543060739999,0.5182057947319082,0.5131317176630061,0.5136668339996665
rtn_2d_mtm_1d_sma_20d_std_80d_sr_im_hlm,0.5117858506616445,0.5045540561102451,0.5171513737865859,0.5168839950670607
rtn_2d_mtm_1d_sma_20d_std_100d_sr_im_hlm,0.5099088123068831,0.5155453079448682,0.5152743363953081,0.5150065987781728
rtn_2d_mtm_1d_sma_25d_std_20d_sr_im_hlm,0.5139342194635762,0.51875385546962,0.5179531491205841,0.516343850309925
rtn_2d_mtm_1d_sma_25d_std_40d_sr_im_hlm,0.5104503965083935,0.5139353000103406,0.5152750580444623,0.5155406403489698
rtn_2d_mtm_1d_sma_25d_std_60d_sr_im_hlm,0.5120543060739999,0.5085622140215322,0.5125962424287358,0.5133994552801414
rtn_2d_mtm_1d_sma_25d_std_80d_sr_im_hlm,0.5120535882787797,0.5042823638750141,0.5166151807570952,0.5166169752451457
rtn_2d_mtm_1d_sma_25d_std_100d_sr_im_hlm,0.5099088123068831,0.5150022881529175,0.5152754130881384,0.5158098106660949
rtn_2d_mtm_2d_sma_5d_std_20d_sr_im_hlm,0.5123267141774841,0.5085654479539572,0.5171484939343534,0.5171488528319635
rtn_2d_mtm_2d_sma_5d_std_40d_sr_im_hlm,0.5150048091075399,0.49758891959269985,0.5163445632877276,0.517687563925626
rtn_2d_mtm_2d_sma_5d_std_60d_sr_im_hlm,0.5117865694203483,0.5141965533834061,0.5166140963563968,0.5163449212218542
rtn_2d_mtm_2d_sma_5d_std_80d_sr_im_hlm,0.5166101590810043,0.508585931131788,0.5158065719162523,0.5171474162780396
rtn_2d_mtm_2d_sma_5d_std_100d_sr_im_hlm,0.5144610705568855,0.5112550449502395,0.5150065939607552,0.5158090880534572
rtn_2d_mtm_2d_sma_10d_std_20d_sr_im_hlm,0.5123267141774841,0.5091063124332802,0.5158087291558471,0.5171484939343535
rtn_2d_mtm_2d_sma_10d_std_40d_sr_im_hlm,0.5150048091075399,0.5016125303343753,0.5171484948978369,0.5171513699326518
rtn_2d_mtm_2d_sma_10d_std_60d_sr_im_hlm,0.5128575198888891,0.5064278547516803,0.5158094459875837,0.517417308244319
rtn_2d_mtm_2d_sma_10d_std_80d_sr_im_hlm,0.5150022958607856,0.5050988761711472,0.5155388342991172,0.5182190845418007
rtn_2d_mtm_2d_sma_10d_std_100d_sr_im_hlm,0.514996545791156,0.5072393424812721,0.5155431478148229,0.5150062350631451
rtn_2d_mtm_2d_sma_15d_std_20d_sr_im_hlm,0.5125944517946193,0.5104514683838063,0.5152736128191868,0.5158098068121608
rtn_2d_mtm_2d_sma_15d_std_40d_sr_im_hlm,0.5150048091075399,0.49384238936782443,0.5166130196635665,0.5160782631879999
rtn_2d_mtm_2d_sma_15d_std_60d_sr_im_hlm,0.5131252575060243,0.5091009212612606,0.5139349237700273,0.5163456399805579
rtn_2d_mtm_2d_sma_15d_std_80d_sr_im_hlm,0.5160746838467338,0.5112618697857325,0.515806931777346,0.5179520656833692
rtn_2d_mtm_2d_sma_15d_std_100d_sr_im_hlm,0.514996545791156,0.512866862788554,0.5166144571809739,0.5163456409440413
rtn_2d_mtm_2d_sma_20d_std_20d_sr_im_hlm,0.5128614706530508,0.5093765690780707,0.513934205974807,0.5133987307405365
rtn_2d_mtm_2d_sma_20d_std_40d_sr_im_hlm,0.5150048091075399,0.4959824948533722,0.5166148170420676,0.5160793418077971
rtn_2d_mtm_2d_sma_20d_std_60d_sr_im_hlm,0.5125890635130501,0.5056250046518189,0.5131313520210115,0.5155417093339321
rtn_2d_mtm_2d_sma_20d_std_80d_sr_im_hlm,0.5155384898537598,0.5117966262612994,0.5166108624239719,0.5187563571545721
rtn_2d_mtm_2d_sma_20d_std_100d_sr_im_hlm,0.5141926141810466,0.5150137854017265,0.5168839902496432,0.5158112433660849
rtn_2d_mtm_2d_sma_25d_std_20d_sr_im_hlm,0.5125937330359156,0.5091106298029201,0.5136657505624516,0.5136661094600616
rtn_2d_mtm_2d_sma_25d_std_40d_sr_im_hlm,0.5150048091075399,0.48901269555734617,0.5160789819467035,0.5155442254711369
rtn_2d_mtm_2d_sma_25d_std_60d_sr_im_hlm,0.5117858506616445,0.5010662795004501,0.5133994485357568,0.5152746904755006
rtn_2d_mtm_2d_sma_25d_std_80d_sr_im_hlm,0.5166094403223006,0.5080414728589463,0.5163434837044467,0.5192918323888425
rtn_2d_mtm_2d_sma_25d_std_100d_sr_im_hlm,0.5141926141810466,0.5091181676162158,0.517687561998659,0.5174194654839136
rtn_2d_mtm_3d_sma_5d_std_20d_sr_im_hlm,0.5147395837736755,0.5176832581177881,0.5163434875583808,0.5160757499412456
rtn_2d_mtm_3d_sma_5d_std_40d_sr_im_hlm,0.510175469377254,0.5273304384025839,0.5174101283651499,0.5168750120284896
rtn_2d_mtm_3d_sma_5d_std_60d_sr_im_hlm,0.5112492948806098,0.5163513977580557,0.5168760867943527,0.5179466783652835
rtn_2d_mtm_3d_sma_5d_std_80d_sr_im_hlm,0.5064293019039229,0.5080407483193415,0.5171452628923789,0.5168775252752438
rtn_2d_mtm_3d_sma_5d_std_100d_sr_im_hlm,0.5133904799494383,0.5085704821553338,0.5168768074800235,0.5174115649190737
rtn_2d_mtm_3d_sma_10d_std_20d_sr_im_hlm,0.5160782718593515,0.5125940938604928,0.5147356281920962,0.5160746751753822
rtn_2d_mtm_3d_sma_10d_std_40d_sr_im_hlm,0.5104435658919994,0.5222452220189995,0.5155348893158567,0.5152667928011113
rtn_2d_mtm_3d_sma_10d_std_60d_sr_im_hlm,0.5112492948806098,0.5176872079184663,0.5160714373890232,0.5176792996457584
rtn_2d_mtm_3d_sma_10d_std_80d_sr_im_hlm,0.5096421533095453,0.5091116978243988,0.5166090698628883,0.515536683803907
rtn_2d_mtm_3d_sma_10d_std_100d_sr_im_hlm,0.5128550047151679,0.5088457633666659,0.5163402565164064,0.516607993170058
rtn_2d_mtm_3d_sma_15d_std_20d_sr_im_hlm,0.5133951456183696,0.5101833786134456,0.5144664540210371,0.5147345505357823
rtn_2d_mtm_3d_sma_15d_std_40d_sr_im_hlm,0.5104439257530929,0.521435900200354,0.5144639398107993,0.5160703655136106
rtn_2d_mtm_3d_sma_15d_std_60d_sr_im_hlm,0.5131234582005562,0.5168803993465751,0.5155334498714821,0.5160703616596765
rtn_2d_mtm_3d_sma_15d_std_80d_sr_im_hlm,0.5096421533095454,0.5131331493995125,0.5163416921068469,0.515537761460221
rtn_2d_mtm_3d_sma_15d_std_100d_sr_im_hlm,0.5120517918637623,0.513668273444041,0.5182154974926666,0.5171423907480147
rtn_2d_mtm_3d_sma_20d_std_20d_sr_im_hlm,0.5123206013563102,0.5133976656095085,0.5152711034263666,0.5158072974193407
rtn_2d_mtm_3d_sma_20d_std_40d_sr_im_hlm,0.510444284650703,0.518219817752757,0.5147320363255447,0.5158026278964754
rtn_2d_mtm_3d_sma_20d_std_60d_sr_im_hlm,0.5109815572634745,0.5158116090080795,0.5155338097325757,0.5149983344983052
rtn_2d_mtm_3d_sma_20d_std_80d_sr_im_hlm,0.5080314150545119,0.5128682897076428,0.5166094297239819,0.5163413332092366
rtn_2d_mtm_3d_sma_20d_std_100d_sr_im_hlm,0.5125872670980327,0.5104525508575376,0.518750972726937,0.5176778659822852
rtn_2d_mtm_3d_sma_25d_std_20d_sr_im_hlm,0.5120564575326936,0.5174101331825673,0.5155392009045954,0.5144675326408344
rtn_2d_mtm_3d_sma_25d_std_40d_sr_im_hlm,0.5101761881359577,0.5131335169684743,0.5144650184305967,0.5155363277967476
rtn_2d_mtm_3d_sma_25d_std_60d_sr_im_hlm,0.5109815572634745,0.5107174163303085,0.5144635780227386,0.5141951216468996
rtn_2d_mtm_3d_sma_25d_std_80d_sr_im_hlm,0.5077679899895989,0.5131335131145403,0.5166097886215921,0.5166094297239819
rtn_2d_mtm_3d_sma_25d_std_100d_sr_im_hlm,0.513122742332303,0.5112575562700268,0.5176789446020824,0.5179452447018102
rtn_2d_mtm_4d_sma_5d_std_20d_sr_im_hlm,0.5123303060440356,0.5184929455784284,0.5131292063432189,0.5147359909436403
rtn_2d_mtm_4d_sma_5d_std_40d_sr_im_hlm,0.5155402843418103,0.5050888106588446,0.5123259934918133,0.5131292063432189
rtn_2d_mtm_4d_sma_5d_std_60d_sr_im_hlm,0.5123234802450591,0.5005218260450262,0.5136636010307251,0.5133958634135898
rtn_2d_mtm_4d_sma_5d_std_80d_sr_im_hlm,0.5152729085127357,0.5010573003158131,0.5136625233744112,0.5136625233744112
rtn_2d_mtm_4d_sma_5d_std_100d_sr_im_hlm,0.5144610705568855,0.49783977746035807,0.5117865626759637,0.5115188250588285
rtn_2d_mtm_4d_sma_10d_std_20d_sr_im_hlm,0.5144750781619981,0.5208979107558458,0.5142015933656838,0.5147370685999542
rtn_2d_mtm_4d_sma_10d_std_40d_sr_im_hlm,0.5155402843418103,0.5026806096220353,0.5115224217427977,0.5136657601972868
rtn_2d_mtm_4d_sma_10d_std_60d_sr_im_hlm,0.5117880050107887,0.49247820317261154,0.5136636010307251,0.513932057406564
rtn_2d_mtm_4d_sma_10d_std_80d_sr_im_hlm,0.5147374332784652,0.5005196678419479,0.5136621635133176,0.5133944258961824
rtn_2d_mtm_4d_sma_10d_std_100d_sr_im_hlm,0.5147288081740207,0.49837561544617265,0.5109808346508368,0.5107130970337016
rtn_2d_mtm_4d_sma_15d_std_20d_sr_im_hlm,0.5125980436611709,0.5230380162413935,0.5142012335045901,0.5155399215902662
rtn_2d_mtm_4d_sma_15d_std_40d_sr_im_hlm,0.5155402843418103,0.5061608378202158,0.5120586157357718,0.5125937320724321
rtn_2d_mtm_4d_sma_15d_std_60d_sr_im_hlm,0.5123234802450591,0.5005218298989602,0.5136628832355048,0.5136628832355048
rtn_2d_mtm_4d_sma_15d_std_80d_sr_im_hlm,0.51446969566133,0.5077550504059649,0.5147323942596712,0.5150001318768064
rtn_2d_mtm_4d_sma_15d_std_100d_sr_im_hlm,0.5147288081740207,0.4954326579337966,0.5125879791123518,0.512855716729487
rtn_2d_mtm_4d_sma_20d_std_20d_sr_im_hlm,0.5142066217861592,0.519827319184915,0.513932059333531,0.5152707474192071
rtn_2d_mtm_4d_sma_20d_std_40d_sr_im_hlm,0.5158094594763529,0.5064221085359847,0.5120561005620505,0.5125922945550248
rtn_2d_mtm_4d_sma_20d_std_60d_sr_im_hlm,0.5115195486349498,0.5050780389131241,0.5131270491036244,0.5120557397374734
rtn_2d_mtm_4d_sma_20d_std_80d_sr_im_hlm,0.5142012392854911,0.5096310082139619,0.5144639388473158,0.5144646566425359
rtn_2d_mtm_4d_sma_20d_std_100d_sr_im_hlm,0.5144603517981817,0.49462980494348463,0.513392988378775,0.5128575131445046
rtn_2d_mtm_4d_sma_25d_std_20d_sr_im_hlm,0.512329587285332,0.5179495649619006,0.5152711063168172,0.5158073003097913
rtn_2d_mtm_4d_sma_25d_std_40d_sr_im_hlm,0.5147370714904047,0.5045468685232078,0.51152026643017,0.51152026643017
rtn_2d_mtm_4d_sma_25d_std_60d_sr_im_hlm,0.5115195486349498,0.5117797416944048,0.5133944278231495,0.5120557397374734
rtn_2d_mtm_4d_sma_25d_std_80d_sr_im_hlm,0.5150044521368968,0.5050733664998082,0.5152678704574252,0.5144635799497057
rtn_2d_mtm_4d_sma_25d_std_100d_sr_im_hlm,0.5141926141810466,0.4954330158679231,0.5128564354881908,0.5123213191515305
rtn_2d_mtm_5d_sma_5d_std_20d_sr_im_hlm,0.5136689950931952,0.5292024425559685,0.5115199075325598,0.5115191887738562
rtn_2d_mtm_5d_sma_5d_std_40d_sr_im_hlm,0.5190241063335094,0.5101962998908927,0.5109855099546033,0.5109855099546033
rtn_2d_mtm_5d_sma_5d_std_60d_sr_im_hlm,0.5192947170584926,0.5123040699061248,0.5115209842253903,0.5117912370162466
rtn_2d_mtm_5d_sma_5d_std_80d_sr_im_hlm,0.5171477886644189,0.5241129107297113,0.5101797809659929,0.5131292063432189
rtn_2d_mtm_5d_sma_5d_std_100d_sr_im_hlm,0.5166044070844077,0.5144668109916801,0.5117897985353558,0.5123259925283299
rtn_2d_mtm_5d_sma_10d_std_20d_sr_im_hlm,0.5136689950931952,0.5284085687502937,0.5112525297765182,0.5120561024890176
rtn_2d_mtm_5d_sma_10d_std_40d_sr_im_hlm,0.5179527969673586,0.5091210387970966,0.5112536064693487,0.5112539653669588
rtn_2d_mtm_5d_sma_10d_std_60d_sr_im_hlm,0.518491504207087,0.510704113031647,0.5131288464821254,0.5123263523894235
rtn_2d_mtm_5d_sma_10d_std_80d_sr_im_hlm,0.5171477886644189,0.5216982408645685,0.5104482373418319,0.5131292073067025
rtn_2d_mtm_5d_sma_10d_std_100d_sr_im_hlm,0.5166044070844077,0.5115220541738358,0.5123256336307198,0.5123252737696262
rtn_2d_mtm_5d_sma_15d_std_20d_sr_im_hlm,0.5139367327103305,0.5268025038720596,0.511253248535222,0.5123249177624666
rtn_2d_mtm_5d_sma_15d_std_40d_sr_im_hlm,0.5176854182478333,0.5160883238828848,0.5112536064693487,0.5112536064693487
rtn_2d_mtm_5d_sma_15d_std_60d_sr_im_hlm,0.5171513786040034,0.5069557854282705,0.5131281296503888,0.5125926534526348
rtn_2d_mtm_5d_sma_15d_std_80d_sr_im_hlm,0.5163445758130133,0.5192936336212777,0.5109826349197885,0.5133973047849314
rtn_2d_mtm_5d_sma_15d_std_100d_sr_im_hlm,0.5166044070844077,0.5107220771818223,0.5117890807401355,0.5120568183572708
rtn_2d_mtm_5d_sma_20d_std_20d_sr_im_hlm,0.5134005387173564,0.5233158068455455,0.5107177742644351,0.5120582568381618
rtn_2d_mtm_5d_sma_20d_std_40d_sr_im_hlm,0.5176843405915197,0.5174230563869816,0.511790159359933,0.5120578969770682
rtn_2d_mtm_5d_sma_20d_std_60d_sr_im_hlm,0.5152707464557235,0.506960456878103,0.5120564613866276,0.5117880050107887
rtn_2d_mtm_5d_sma_20d_std_80d_sr_im_hlm,0.5166115946714448,0.5209011350534356,0.5112500136393135,0.5139324211215917
rtn_2d_mtm_5d_sma_20d_std_100d_sr_im_hlm,0.5163359507085687,0.5112575533795761,0.5093772878367745,0.5096450254539098
rtn_2d_mtm_5d_sma_25d_std_20d_sr_im_hlm,0.5134005387173564,0.5211667202483938,0.5107192098548755,0.5115224227062811
rtn_2d_mtm_5d_sma_25d_std_40d_sr_im_hlm,0.5187556499576705,0.5163596524030881,0.5117894406012292,0.5117894406012292
rtn_2d_mtm_5d_sma_25d_std_60d_sr_im_hlm,0.5182216103138406,0.507231069530053,0.5123234802450591,0.512055742627924
rtn_2d_mtm_5d_sma_25d_std_80d_sr_im_hlm,0.51687933228858,0.5182212446718458,0.5112500136393135,0.5139324211215917
rtn_2d_mtm_5d_sma_25d_std_100d_sr_im_hlm,0.5163359507085687,0.5152743383222751,0.5093772878367745,0.5096450254539098
rtn_3d_mtm_1d_sma_5d_std_20d_sr_im_hlm,0.5096385566255762,0.5115306850591816,0.5171413121282173,0.5179459605700633
rtn_3d_mtm_1d_sma_5d_std_40d_sr_im_hlm,0.51017367392572,0.525464545143406,0.5190183485560116,0.5182119027356645
rtn_3d_mtm_1d_sma_5d_std_60d_sr_im_hlm,0.5117826148022526,0.5227799756041156,0.5214276272491348,0.5203555981607967
rtn_3d_mtm_1d_sma_5d_std_80d_sr_im_hlm,0.5082973562566295,0.5091224869128227,0.5206226170192281,0.5203545195409994
rtn_3d_mtm_1d_sma_5d_std_100d_sr_im_hlm,0.5112457039775418,0.5067128454681553,0.5190151136601031,0.5195516675141708
rtn_3d_mtm_1d_sma_10d_std_20d_sr_im_hlm,0.5096385566255762,0.5163445719590792,0.5163377432696521,0.5171409541940907
rtn_3d_mtm_1d_sma_10d_std_40d_sr_im_hlm,0.51017367392572,0.5243993418540442,0.5168735764380491,0.5163359449276675
rtn_3d_mtm_1d_sma_10d_std_60d_sr_im_hlm,0.5115148771851173,0.5227806933993359,0.5198201258169769,0.5198183284384758
rtn_3d_mtm_1d_sma_10d_std_80d_sr_im_hlm,0.5093690245203905,0.5056368636886884,0.5198186873360858,0.5200860650921275
rtn_3d_mtm_1d_sma_10d_std_100d_sr_im_hlm,0.5112457039775418,0.5088547435147864,0.5195527461339682,0.5195516684776544
rtn_3d_mtm_1d_sma_15d_std_20d_sr_im_hlm,0.5099070130014152,0.5176872098454334,0.5179474019414049,0.5176789455655659
rtn_3d_mtm_1d_sma_15d_std_40d_sr_im_hlm,0.5109776055358294,0.5268204776570702,0.516873217540439,0.5160682082740159
rtn_3d_mtm_1d_sma_15d_std_60d_sr_im_hlm,0.5115155959438211,0.5219767637161935,0.5187470209992918,0.5195509506824342
rtn_3d_mtm_1d_sma_15d_std_80d_sr_im_hlm,0.5091012878667389,0.5107267534490723,0.5206219011509748,0.5211591718367795
rtn_3d_mtm_1d_sma_15d_std_100d_sr_im_hlm,0.5115141603533807,0.5021544743969792,0.5184800011773769,0.5176753517720473
rtn_3d_mtm_1d_sma_20d_std_20d_sr_im_hlm,0.5099070130014152,0.5168857924455618,0.5163398985822798,0.5163381012037787
rtn_3d_mtm_1d_sma_20d_std_40d_sr_im_hlm,0.5104421303015589,0.5214617726232373,0.5160689270327196,0.5157993920370834
rtn_3d_mtm_1d_sma_20d_std_60d_sr_im_hlm,0.5115155959438211,0.5195664073667564,0.5174065384255654,0.5192817765113751
rtn_3d_mtm_1d_sma_20d_std_80d_sr_im_hlm,0.5091012878667389,0.5099310870823139,0.5211573763852453,0.521426908490431
rtn_3d_mtm_1d_sma_20d_std_100d_sr_im_hlm,0.5115141603533807,0.5051035418400787,0.5187480996190892,0.5190165550314446
rtn_3d_mtm_1d_sma_25d_std_20d_sr_im_hlm,0.5099070130014152,0.5192972245243457,0.5171438292289056,0.5168739362991428
rtn_3d_mtm_1d_sma_25d_std_40d_sr_im_hlm,0.5104421303015589,0.5227936339464533,0.515801190379068,0.5158001117592705
rtn_3d_mtm_1d_sma_25d_std_60d_sr_im_hlm,0.5117833335609563,0.5187549331259339,0.51847892544803,0.5208903575268138
rtn_3d_mtm_1d_sma_25d_std_80d_sr_im_hlm,0.5085658126324685,0.5117998621206913,0.5219616659294812,0.5214265505563045
rtn_3d_mtm_1d_sma_25d_std_100d_sr_im_hlm,0.5109786851191103,0.5096608294740399,0.5190158372362245,0.5190154764116472
rtn_3d_mtm_2d_sma_5d_std_20d_sr_im_hlm,0.5131320813780339,0.5109840724371959,0.5109898138354739,0.511525288106261
rtn_3d_mtm_2d_sma_5d_std_40d_sr_im_hlm,0.509374052940866,0.5222484569149081,0.5142001491038917,0.5142008668991119
rtn_3d_mtm_2d_sma_5d_std_60d_sr_im_hlm,0.511785488873584,0.5241208161119688,0.5184861062906826,0.5195566968981299
rtn_3d_mtm_2d_sma_5d_std_80d_sr_im_hlm,0.5083041830190895,0.514202671985481,0.5179499103707415,0.5176810950972925
rtn_3d_mtm_2d_sma_5d_std_100d_sr_im_hlm,0.5125879848932529,0.5077755316568286,0.5160757470507951,0.5182183657830969
rtn_3d_mtm_2d_sma_10d_std_20d_sr_im_hlm,0.514738507080845,0.5227738666368758,0.5099167099812725,0.510454339564687
rtn_3d_mtm_2d_sma_10d_std_40d_sr_im_hlm,0.5107123821289319,0.5265290210027123,0.5131274031838169,0.5128603843253854
rtn_3d_mtm_2d_sma_10d_std_60d_sr_im_hlm,0.5144635838036397,0.518236340531591,0.5174126406484205,0.5182165722585299
rtn_3d_mtm_2d_sma_10d_std_80d_sr_im_hlm,0.5096432300023757,0.5134034089347536,0.5182172890902667,0.5187538410173673
rtn_3d_mtm_2d_sma_10d_std_100d_sr_im_hlm,0.5117844131442371,0.511790877155153,0.5166101446287517,0.5166090660089544
rtn_3d_mtm_2d_sma_15d_std_20d_sr_im_hlm,0.514738507080845,0.5171556901927422,0.5096486134665272,0.5099163501201789
rtn_3d_mtm_2d_sma_15d_std_40d_sr_im_hlm,0.510444284650703,0.5214380535860146,0.5139298972765187,0.5139316936915362
rtn_3d_mtm_2d_sma_15d_std_60d_sr_im_hlm,0.5133904770589878,0.5238620634603718,0.5158058560479992,0.5168775252752438
rtn_3d_mtm_2d_sma_15d_std_80d_sr_im_hlm,0.5091073958704951,0.5144772354015928,0.5163420490774898,0.5171449020678018
rtn_3d_mtm_2d_sma_15d_std_100d_sr_im_hlm,0.5115163166294918,0.5093797981930782,0.5166087080748276,0.5163413283918191
rtn_3d_mtm_2d_sma_20d_std_20d_sr_im_hlm,0.514738507080845,0.5171600008179975,0.5109898157624408,0.5099167099812725
rtn_3d_mtm_2d_sma_20d_std_40d_sr_im_hlm,0.510444284650703,0.522240191671557,0.5147349055794583,0.5166112251755159
rtn_3d_mtm_2d_sma_20d_std_60d_sr_im_hlm,0.5136589334348266,0.5195771829664111,0.5158047783916854,0.5179495524366149
rtn_3d_mtm_2d_sma_20d_std_80d_sr_im_hlm,0.5093754923852405,0.5080457863746521,0.5152696620550251,0.516878601968074
rtn_3d_mtm_2d_sma_20d_std_100d_sr_im_hlm,0.5125876259956427,0.5093841107453005,0.5163388151450647,0.516339532940285
rtn_3d_mtm_2d_sma_25d_std_20d_sr_im_hlm,0.5131320813780339,0.5187610363122725,0.5104536227329504,0.5112579132406698
rtn_3d_mtm_2d_sma_25d_std_40d_sr_im_hlm,0.5088378589478919,0.5217061510642435,0.515538118430864,0.5168793216902612
rtn_3d_mtm_2d_sma_25d_std_60d_sr_im_hlm,0.5109808385047709,0.514748206951153,0.5155377604967375,0.5166097886215921
rtn_3d_mtm_2d_sma_25d_std_80d_sr_im_hlm,0.5085722795338349,0.5101866115823871,0.5158054961869055,0.5166094277970149
rtn_3d_mtm_2d_sma_25d_std_100d_sr_im_hlm,0.5128550047151679,0.5032214779552924,0.5166061929011064,0.5158033399107944
rtn_3d_mtm_3d_sma_5d_std_20d_sr_im_hlm,0.5141947637127731,0.5182309483960879,0.5160725179357877,0.515536324906297
rtn_3d_mtm_3d_sma_5d_std_40d_sr_im_hlm,0.5139252344980381,0.5064343216530467,0.5208935876053048,0.5184832302923843
rtn_3d_mtm_3d_sma_5d_std_60d_sr_im_hlm,0.5152639225837141,0.5246584456953832,0.5182165693680794,0.5184839471241209
rtn_3d_mtm_3d_sma_5d_std_80d_sr_im_hlm,0.5123162936215054,0.5120693922989099,0.516875009138039,0.5166065527622
rtn_3d_mtm_3d_sma_5d_std_100d_sr_im_hlm,0.512853566234277,0.5099231768826389,0.5168757240428086,0.517950268304868
rtn_3d_mtm_3d_sma_10d_std_20d_sr_im_hlm,0.5141947637127731,0.5217118943894886,0.5155370427015172,0.516071799177084
rtn_3d_mtm_3d_sma_10d_std_40d_sr_im_hlm,0.5133894003661574,0.5016157661937674,0.5214308602180764,0.5190205029051558
rtn_3d_mtm_3d_sma_10d_std_60d_sr_im_hlm,0.5149961849665788,0.5262666678132121,0.5182172890902667,0.5184853865684954
rtn_3d_mtm_3d_sma_10d_std_80d_sr_im_hlm,0.5120485560043703,0.5150170183706679,0.5176782210259611,0.5152671468813038
rtn_3d_mtm_3d_sma_10d_std_100d_sr_im_hlm,0.5128539251318871,0.5125976770556926,0.5155352414690821,0.5158040567425312
rtn_3d_mtm_3d_sma_15d_std_20d_sr_im_hlm,0.5149986953228824,0.5179585364386696,0.5152682274280682,0.5152685863256783
rtn_3d_mtm_3d_sma_15d_std_40d_sr_im_hlm,0.5131220226101159,0.5043003270617061,0.519288240522291,0.5184864651882928
rtn_3d_mtm_3d_sma_15d_std_60d_sr_im_hlm,0.5144614284910121,0.5166241628321828,0.5190212197368924,0.5203609854788823
rtn_3d_mtm_3d_sma_15d_std_80d_sr_im_hlm,0.5123170123802092,0.5177012184140295,0.5171416681353769,0.5163384552839713
rtn_3d_mtm_3d_sma_15d_std_100d_sr_im_hlm,0.5117811782483287,0.5131324373851934,0.5155352414690821,0.5163377355617841
rtn_3d_mtm_3d_sma_20d_std_20d_sr_im_hlm,0.5149986953228824,0.5209101190554903,0.5163420519679404,0.5152711014993996
rtn_3d_mtm_3d_sma_20d_std_40d_sr_im_hlm,0.512853566234277,0.4997390838461655,0.5187524073538939,0.5179488346413946
rtn_3d_mtm_3d_sma_20d_std_60d_sr_im_hlm,0.5152646413424178,0.5155506971899209,0.5192889583175112,0.5208961027790261
rtn_3d_mtm_3d_sma_20d_std_80d_sr_im_hlm,0.5123170123802092,0.5139496568782282,0.5179463185041899,0.5176789397846648
rtn_3d_mtm_3d_sma_20d_std_100d_sr_im_hlm,0.5117822559046424,0.5134026882490829,0.5160728729794637,0.5166058330400128
rtn_3d_mtm_3d_sma_25d_std_20d_sr_im_hlm,0.5149986953228824,0.5179646473328765,0.5158062178360598,0.5155391980141448
rtn_3d_mtm_3d_sma_25d_std_40d_sr_im_hlm,0.5136578567419964,0.49893587773914455,0.5184843108391486,0.517681097987743
rtn_3d_mtm_3d_sma_25d_std_60d_sr_im_hlm,0.5174065422794993,0.5168890254145032,0.5203602676836621,0.5216996745280419
rtn_3d_mtm_3d_sma_25d_std_80d_sr_im_hlm,0.5125847499973444,0.5155550010707916,0.5179463185041899,0.5174104834088259
rtn_3d_mtm_3d_sma_25d_std_100d_sr_im_hlm,0.5115134406311934,0.5107296217395025,0.5171445422067082,0.5160707167033525
rtn_3d_mtm_4d_sma_5d_std_20d_sr_im_hlm,0.5158112539644034,0.52466598928958,0.5155431526322406,0.5160768314514935
rtn_3d_mtm_4d_sma_5d_std_40d_sr_im_hlm,0.5128625483093646,0.5203732024498784,0.5160721571112106,0.5147327502668307
rtn_3d_mtm_4d_sma_5d_std_60d_sr_im_hlm,0.5125879829662858,0.5107192040739744,0.5174083300231653,0.5171409513036401
rtn_3d_mtm_4d_sma_5d_std_80d_sr_im_hlm,0.5077694284704899,0.5163499640945824,0.5200882194412716,0.5198215604439337
rtn_3d_mtm_4d_sma_5d_std_100d_sr_im_hlm,0.5109794048412974,0.5168775262387273,0.5203591900273483,0.5200900148928056
rtn_3d_mtm_4d_sma_10d_std_20d_sr_im_hlm,0.5155427975885645,0.5193040541772562,0.5158101714906721,0.5160771903491036
rtn_3d_mtm_4d_sma_10d_std_40d_sr_im_hlm,0.5155399244807166,0.5217111737038178,0.516073594628618,0.5144657314083994
rtn_3d_mtm_4d_sma_10d_std_60d_sr_im_hlm,0.5139266710519619,0.5139370877540065,0.5184810769067237,0.5184825144241311
rtn_3d_mtm_4d_sma_10d_std_80d_sr_im_hlm,0.5085726413218955,0.5099159941130192,0.5208917921537708,0.5200878605436615
rtn_3d_mtm_4d_sma_10d_std_100d_sr_im_hlm,0.5104446483657308,0.5101815687096588,0.5195534629657048,0.5192857253485696
rtn_3d_mtm_4d_sma_15d_std_20d_sr_im_hlm,0.5152750599714293,0.5168962149285075,0.5144704057486822,0.5147381433658175
rtn_3d_mtm_4d_sma_15d_std_40d_sr_im_hlm,0.5150044492464463,0.5206366304052419,0.5147341897112053,0.5131263264909866
rtn_3d_mtm_4d_sma_15d_std_60d_sr_im_hlm,0.5128550018247173,0.5120596933920856,0.5187488154873423,0.5184810778702073
rtn_3d_mtm_4d_sma_15d_std_80d_sr_im_hlm,0.5104468046418419,0.5123274329361879,0.5198212015463236,0.5192842887946457
rtn_3d_mtm_4d_sma_15d_std_100d_sr_im_hlm,0.5101761919898918,0.5128614610182156,0.5190165511775106,0.519017988694918
rtn_3d_mtm_4d_sma_20d_std_20d_sr_im_hlm,0.5152750599714293,0.5155524926414549,0.5142026671680634,0.5152728988779006
rtn_3d_mtm_4d_sma_20d_std_40d_sr_im_hlm,0.5101787033096791,0.5192968627362851,0.5144642958179589,0.5131256077322829
rtn_3d_mtm_4d_sma_20d_std_60d_sr_im_hlm,0.513660370952234,0.5117836905315993,0.519283213065299,0.519551669441138
rtn_3d_mtm_4d_sma_20d_std_80d_sr_im_hlm,0.5083041849460566,0.5112568384748065,0.5190176307607913,0.5190158343457739
rtn_3d_mtm_4d_sma_20d_std_100d_sr_im_hlm,0.510712385982866,0.5112525211051666,0.519285008516833,0.519285008516833
rtn_3d_mtm_4d_sma_25d_std_20d_sr_im_hlm,0.5152750599714293,0.5160912018081503,0.5125948049113284,0.5136646777235553
rtn_3d_mtm_4d_sma_25d_std_40d_sr_im_hlm,0.5123270730750942,0.5206427374455147,0.5155352462864997,0.5125897736004024
rtn_3d_mtm_4d_sma_25d_std_60d_sr_im_hlm,0.5120517889733117,0.5115163147025248,0.5190151165505537,0.5192835729263926
rtn_3d_mtm_4d_sma_25d_std_80d_sr_im_hlm,0.5077694284704899,0.5144689701582419,0.5192860871366303,0.5190151155870701
rtn_3d_mtm_4d_sma_25d_std_100d_sr_im_hlm,0.5115148800755679,0.5112528780758098,0.5190172708996978,0.5190169120020877
rtn_3d_mtm_5d_sma_5d_std_20d_sr_im_hlm,0.5109865905013676,0.5211785754313293,0.5112539624765081,0.5112532437178045
rtn_3d_mtm_5d_sma_5d_std_40d_sr_im_hlm,0.5085737189782094,0.5155384782919576,0.5152743383222751,0.5147374255705972
rtn_3d_mtm_5d_sma_5d_std_60d_sr_im_hlm,0.5099070158918657,0.5160797122672095,0.5152711034263665,0.5152675105963315
rtn_3d_mtm_5d_sma_5d_std_80d_sr_im_hlm,0.5099106087219007,0.5219767569718089,0.5160728777968813,0.5158072964558571
rtn_3d_mtm_5d_sma_5d_std_100d_sr_im_hlm,0.5107127439169925,0.5195653220025744,0.5147338327405622,0.5144639388473158
rtn_3d_mtm_5d_sma_10d_std_20d_sr_im_hlm,0.5109865905013676,0.5225190589685393,0.5104514683838063,0.510986224859373
rtn_3d_mtm_5d_sma_10d_std_40d_sr_im_hlm,0.5088418154929547,0.5136693491733877,0.5150062418075297,0.5150044453925122
rtn_3d_mtm_5d_sma_10d_std_60d_sr_im_hlm,0.5101747535090009,0.5131302849630164,0.5141997950236992,0.5144646576060194
rtn_3d_mtm_5d_sma_10d_std_80d_sr_im_hlm,0.5099106087219007,0.5187621081876854,0.51634097527511,0.515272540943774
rtn_3d_mtm_5d_sma_10d_std_100d_sr_im_hlm,0.5109808404317379,0.5222473686602755,0.5155384821458916,0.5147323942596711
rtn_3d_mtm_5d_sma_15d_std_20d_sr_im_hlm,0.5104507563694871,0.5222556339036265,0.5112546812352119,0.5109869436180767
rtn_3d_mtm_5d_sma_15d_std_40d_sr_im_hlm,0.5104475234005458,0.5158119679056896,0.5150066016686234,0.5142001548847928
rtn_3d_mtm_5d_sma_15d_std_60d_sr_im_hlm,0.5101761910264083,0.5123223996982949,0.5158065796241205,0.5144650165036296
rtn_3d_mtm_5d_sma_15d_std_80d_sr_im_hlm,0.5131234601275232,0.5187639055661863,0.5147345505357823,0.5166112299929335
rtn_3d_mtm_5d_sma_15d_std_100d_sr_im_hlm,0.512586907236939,0.5257261583775651,0.5136628822720213,0.5152693079748325
rtn_3d_mtm_5d_sma_20d_std_20d_sr_im_hlm,0.5107188528842325,0.5168922593469282,0.5123274281187702,0.5104511085227126
rtn_3d_mtm_5d_sma_20d_std_40d_sr_im_hlm,0.5077701472291937,0.5176825345416669,0.5136661171679299,0.5139309797502501
rtn_3d_mtm_5d_sma_20d_std_60d_sr_im_hlm,0.5096407157921379,0.5128560746636135,0.5158062207265104,0.5139284636130453
rtn_3d_mtm_5d_sma_20d_std_80d_sr_im_hlm,0.510178346339036,0.5136758131843038,0.513126329381437,0.5160750369634429
rtn_3d_mtm_5d_sma_20d_std_100d_sr_im_hlm,0.5104446464387637,0.5227810445890777,0.5133947857572759,0.5152696678359261
rtn_3d_mtm_5d_sma_25d_std_20d_sr_im_hlm,0.5104507563694871,0.5155550097421432,0.5128639810093546,0.5112546802717284
rtn_3d_mtm_5d_sma_25d_std_40d_sr_im_hlm,0.5083059813610742,0.5085654450635066,0.5131302830360494,0.5136636019942086
rtn_3d_mtm_5d_sma_25d_std_60d_sr_im_hlm,0.5099084534092732,0.5099084457014051,0.51527074549224,0.5150004917379001
rtn_3d_mtm_5d_sma_25d_std_80d_sr_im_hlm,0.5096428711047656,0.5144768716865651,0.5128585917643018,0.5160750369634429
rtn_3d_mtm_5d_sma_25d_std_100d_sr_im_hlm,0.5104450062998573,0.5203757166601163,0.51393097975025,0.5147341926016558
rtn_4d_mtm_1d_sma_5d_std_20d_sr_im_hlm,0.5112572031533178,0.5160646183344314,0.5168753757435172,0.5179456084168378
rtn_4d_mtm_1d_sma_5d_std_40d_sr_im_hlm,0.5101826598547419,0.5142059068813896,0.5152664339035012,0.5141944077056136
rtn_4d_mtm_1d_sma_5d_std_60d_sr_im_hlm,0.5099120472027917,0.5093654374712566,0.5133926304446483,0.5131245339299031
rtn_4d_mtm_1d_sma_5d_std_80d_sr_im_hlm,0.5107156189518076,0.514202675839415,0.5144642987084095,0.5133922715470383
rtn_4d_mtm_1d_sma_5d_std_100d_sr_im_hlm,0.5104450062998573,0.5096421456016772,0.5147327560477318,0.5141965630182412
rtn_4d_mtm_1d_sma_10d_std_20d_sr_im_hlm,0.5123281536218587,0.5174079797969069,0.5179470440072783,0.5179456084168378
rtn_4d_mtm_1d_sma_10d_std_40d_sr_im_hlm,0.5104507563694872,0.512062926361027,0.5171427534995588,0.5163388238164165
rtn_4d_mtm_1d_sma_10d_std_60d_sr_im_hlm,0.5096443095856565,0.5064156541599039,0.5133933482398686,0.5125890586956326
rtn_4d_mtm_1d_sma_10d_std_80d_sr_im_hlm,0.5133929951231595,0.5117933904019073,0.5147305997716207,0.5152671516987215
rtn_4d_mtm_1d_sma_10d_std_100d_sr_im_hlm,0.5099095310655869,0.5142044626195975,0.5152696668724427,0.5133929912692256
rtn_4d_mtm_1d_sma_15d_std_20d_sr_im_hlm,0.5125958912389939,0.5198230018152752,0.5171438321193562,0.5179463271755416
rtn_4d_mtm_1d_sma_15d_std_40d_sr_im_hlm,0.510450397471877,0.5139370916079405,0.5168757346411273,0.5168753767070008
rtn_4d_mtm_1d_sma_15d_std_60d_sr_im_hlm,0.511518472905603,0.5074898414513204,0.5136610858570039,0.5128567963127678
rtn_4d_mtm_1d_sma_15d_std_80d_sr_im_hlm,0.5109833565689426,0.5150080372590637,0.5133911938907245,0.513927386920215
rtn_4d_mtm_1d_sma_15d_std_100d_sr_im_hlm,0.5093726183139091,0.508576584378189,0.5144653763647232,0.512588700761506
rtn_4d_mtm_1d_sma_20d_std_20d_sr_im_hlm,0.5123274348631549,0.5166108730222905,0.5179474038683719,0.5187506167197775
rtn_4d_mtm_1d_sma_20d_std_40d_sr_im_hlm,0.5096453872419705,0.5160807918504903,0.5168757365680943,0.5171441919804497
rtn_4d_mtm_1d_sma_20d_std_60d_sr_im_hlm,0.5096435908269529,0.5093596883651104,0.5144653773282067,0.5139291842987161
rtn_4d_mtm_1d_sma_20d_std_80d_sr_im_hlm,0.5107149001931036,0.5131256086957663,0.5144625032568754,0.5141947666032237
rtn_4d_mtm_1d_sma_20d_std_100d_sr_im_hlm,0.5096396371723405,0.5147345466818483,0.514464658569503,0.5133915537518181
rtn_4d_mtm_1d_sma_25d_std_20d_sr_im_hlm,0.511256484394614,0.5225043326047231,0.5182151414855072,0.5192875285079719
rtn_4d_mtm_1d_sma_25d_std_40d_sr_im_hlm,0.509914203478903,0.515550706824756,0.5171438330828396,0.517411929597585
rtn_4d_mtm_1d_sma_25d_std_60d_sr_im_hlm,0.5096435908269529,0.5104414134698224,0.5147327560477318,0.5144646595329865
rtn_4d_mtm_1d_sma_25d_std_80d_sr_im_hlm,0.5107149001931036,0.5123234696467405,0.5141944067421301,0.5147302408740105
rtn_4d_mtm_1d_sma_25d_std_100d_sr_im_hlm,0.5096396371723405,0.5155374015991273,0.5141958432960541,0.513124175032293
rtn_4d_mtm_2d_sma_5d_std_20d_sr_im_hlm,0.5144750781619981,0.5187495419539142,0.515541360071157,0.5166130283349182
rtn_4d_mtm_2d_sma_5d_std_40d_sr_im_hlm,0.5182219672844836,0.5160800596030173,0.5139302629185135,0.5139302629185135
rtn_4d_mtm_2d_sma_5d_std_60d_sr_im_hlm,0.5131313664732641,0.5010598077816661,0.5123213201150139,0.5139291833352326
rtn_4d_mtm_2d_sma_5d_std_80d_sr_im_hlm,0.5150051708956005,0.5053522415046587,0.51339658120881,0.5136646777235553
rtn_4d_mtm_2d_sma_5d_std_100d_sr_im_hlm,0.5152642834082911,0.49409504172353325,0.5123227566689379,0.5125904933225895
rtn_4d_mtm_2d_sma_10d_std_20d_sr_im_hlm,0.5147428157791334,0.5176821814249578,0.5144689730486924,0.5152736234175055
rtn_4d_mtm_2d_sma_10d_std_40d_sr_im_hlm,0.518757442518754,0.5155474613305289,0.514465738152784,0.5147341945286229
rtn_4d_mtm_2d_sma_10d_std_60d_sr_im_hlm,0.5128632699585187,0.507222808140636,0.5123231184569985,0.5139284636130454
rtn_4d_mtm_2d_sma_10d_std_80d_sr_im_hlm,0.515003733378193,0.5045450740351575,0.5128589516253955,0.5136632411696315
rtn_4d_mtm_2d_sma_10d_std_100d_sr_im_hlm,0.5152642834082911,0.4930136678085633,0.5117883590909813,0.5117887189520749
rtn_4d_mtm_2d_sma_15d_std_20d_sr_im_hlm,0.5150105533962686,0.5125908531836832,0.512861829550661,0.5144700516684897
rtn_4d_mtm_2d_sma_15d_std_40d_sr_im_hlm,0.5184897049016188,0.5112510845512427,0.5150022920068517,0.515270388521597
rtn_4d_mtm_2d_sma_15d_std_60d_sr_im_hlm,0.513131007575654,0.5091027205667288,0.514197999572165,0.5150008525624772
rtn_4d_mtm_2d_sma_15d_std_80d_sr_im_hlm,0.5147374332784652,0.5093654239824874,0.5131266902060142,0.5139309797502501
rtn_4d_mtm_2d_sma_15d_std_100d_sr_im_hlm,0.5147288081740207,0.48631555785731767,0.5115202635397195,0.5123245530839554
rtn_4d_mtm_2d_sma_20d_std_20d_sr_im_hlm,0.5144743594032943,0.51687969118619,0.5117905211479935,0.5133980235436351
rtn_4d_mtm_2d_sma_20d_std_40d_sr_im_hlm,0.5179535109086447,0.5093776390265164,0.51473491425081,0.5150037295242591
rtn_4d_mtm_2d_sma_20d_std_60d_sr_im_hlm,0.5107152590907138,0.513121298070511,0.5139302629185135,0.515002291043368
rtn_4d_mtm_2d_sma_20d_std_80d_sr_im_hlm,0.5150044521368968,0.5050844971431389,0.5120553818033469,0.5120535834613623
rtn_4d_mtm_2d_sma_20d_std_100d_sr_im_hlm,0.5144603517981817,0.4892678601963256,0.5125922926280577,0.5131284856575482
rtn_4d_mtm_2d_sma_25d_std_20d_sr_im_hlm,0.5147420970204296,0.5238444601347736,0.5128618305141444,0.5139334987779055
rtn_4d_mtm_2d_sma_25d_std_40d_sr_im_hlm,0.5174180356743743,0.5136643168989782,0.5147356330095137,0.5155399235172332
rtn_4d_mtm_2d_sma_25d_std_60d_sr_im_hlm,0.5131306477145604,0.5136535393723565,0.5139309816772173,0.5141987192943525
rtn_4d_mtm_2d_sma_25d_std_80d_sr_im_hlm,0.5147367145197616,0.5050834204503086,0.512322760522872,0.5123213210784974
rtn_4d_mtm_2d_sma_25d_std_100d_sr_im_hlm,0.5141926141810466,0.4927559918497966,0.5123241961133124,0.512323117493515
rtn_4d_mtm_3d_sma_5d_std_20d_sr_im_hlm,0.5147395847371589,0.5099264088880969,0.5133955074064303,0.513127410891685
rtn_4d_mtm_3d_sma_5d_std_40d_sr_im_hlm,0.5123270730750942,0.5150065949242387,0.5150022900798846,0.5150022900798846
rtn_4d_mtm_3d_sma_5d_std_60d_sr_im_hlm,0.5125879829662858,0.5190187209423909,0.5144660970503939,0.5141987183308688
rtn_4d_mtm_3d_sma_5d_std_80d_sr_im_hlm,0.5077694284704899,0.5042877589009679,0.5123209621808873,0.5112471366775315
rtn_4d_mtm_3d_sma_5d_std_100d_sr_im_hlm,0.5107109484654585,0.5056282453286285,0.5115166716731679,0.5115166716731679
rtn_4d_mtm_3d_sma_10d_std_20d_sr_im_hlm,0.5155427975885645,0.5144804635531166,0.5120553827668303,0.5125908580011007
rtn_4d_mtm_3d_sma_10d_std_40d_sr_im_hlm,0.5155399244807166,0.5230459119888157,0.5150004946283506,0.5144643006353765
rtn_4d_mtm_3d_sma_10d_std_60d_sr_im_hlm,0.514194408669097,0.5136682792249421,0.5147345524627494,0.5150037275972921
rtn_4d_mtm_3d_sma_10d_std_80d_sr_im_hlm,0.5085726413218955,0.5072357457973029,0.5125897774543363,0.5112474955751416
rtn_4d_mtm_3d_sma_10d_std_100d_sr_im_hlm,0.5107131047415697,0.5029494287494184,0.5123209621808874,0.5117840494292094
rtn_4d_mtm_3d_sma_15d_std_20d_sr_im_hlm,0.5155435163472682,0.5139403178324973,0.513930263881997,0.5128585946547524
rtn_4d_mtm_3d_sma_15d_std_40d_sr_im_hlm,0.5150044492464463,0.518490424623806,0.5141972817769449,0.5139291852621997
rtn_4d_mtm_3d_sma_15d_std_60d_sr_im_hlm,0.5136589334348266,0.5080425591866119,0.5141990781919625,0.5147345534262329
rtn_4d_mtm_3d_sma_15d_std_80d_sr_im_hlm,0.5112500174932475,0.5088468429499466,0.512859311486489,0.5109801168556165
rtn_4d_mtm_3d_sma_15d_std_100d_sr_im_hlm,0.5099077356140529,0.5040182229418481,0.5128567963127679,0.5112474955751418
rtn_4d_mtm_3d_sma_20d_std_20d_sr_im_hlm,0.5152750599714293,0.509928206266598,0.5131277688258116,0.5120553818033468
rtn_4d_mtm_3d_sma_20d_std_40d_sr_im_hlm,0.5101787033096791,0.5233125767670547,0.5128575160349551,0.5131259724107939
rtn_4d_mtm_3d_sma_20d_std_60d_sr_im_hlm,0.5133904770589878,0.5101866135093541,0.5144668158090976,0.5141990781919624
rtn_4d_mtm_3d_sma_20d_std_80d_sr_im_hlm,0.5091073977974622,0.5077758915179224,0.5147341916381722,0.512856075627097
rtn_4d_mtm_3d_sma_20d_std_100d_sr_im_hlm,0.510712385982866,0.5080375192043342,0.5120528656661422,0.5107109426845575
rtn_4d_mtm_3d_sma_25d_std_20d_sr_im_hlm,0.5155435163472682,0.5158223884616684,0.512591934693931,0.5117880030838217
rtn_4d_mtm_3d_sma_25d_std_40d_sr_im_hlm,0.5123270730750942,0.5200957726703035,0.5128567972762513,0.5131266911694977
rtn_4d_mtm_3d_sma_25d_std_60d_sr_im_hlm,0.5123202453491505,0.509648981035489,0.5152700286605032,0.5147345534262329
rtn_4d_mtm_3d_sma_25d_std_80d_sr_im_hlm,0.5077694284704899,0.5107202836572553,0.5152700257700527,0.5139284626495618
rtn_4d_mtm_3d_sma_25d_std_100d_sr_im_hlm,0.5104432108483233,0.5088389375676893,0.5120535834613623,0.5107113015821676
rtn_4d_mtm_4d_sma_5d_std_20d_sr_im_hlm,0.5142069816472529,0.5093762072900102,0.5176832571543046,0.5166101504096526
rtn_4d_mtm_4d_sma_5d_std_40d_sr_im_hlm,0.5187595987948652,0.5117872872155684,0.5158069356312801,0.5155391980141448
rtn_4d_mtm_4d_sma_5d_std_60d_sr_im_hlm,0.5192965105830595,0.5112453441164482,0.5133987336309872,0.5133987336309872
rtn_4d_mtm_4d_sma_5d_std_80d_sr_im_hlm,0.5152729085127357,0.5136643207529122,0.5139324114867565,0.514201227723689
rtn_4d_mtm_4d_sma_5d_std_100d_sr_im_hlm,0.5168764591807321,0.5123292254972713,0.5133980158357669,0.5125919279495464
rtn_4d_mtm_4d_sma_10d_std_20d_sr_im_hlm,0.5144747192643881,0.5050924063793303,0.5176828982566947,0.5171481417811279
rtn_4d_mtm_4d_sma_10d_std_40d_sr_im_hlm,0.5182241235605949,0.5174201967679031,0.5166119468246702,0.516344209207535
rtn_4d_mtm_4d_sma_10d_std_60d_sr_im_hlm,0.5184932977316539,0.5026712753937221,0.5131320746336493,0.5133994533531744
rtn_4d_mtm_4d_sma_10d_std_80d_sr_im_hlm,0.5152729085127357,0.5182223271455771,0.5139316936915364,0.5131284818036141
rtn_4d_mtm_4d_sma_10d_std_100d_sr_im_hlm,0.5174133719324099,0.5123241961133124,0.5125940842256576,0.5125940842256576
rtn_4d_mtm_4d_sma_15d_std_20d_sr_im_hlm,0.5144747192643881,0.502415747039715,0.5176832581177881,0.517415520500653
rtn_4d_mtm_4d_sma_15d_std_40d_sr_im_hlm,0.5182241235605949,0.5217101018284052,0.5171488595763482,0.5171488595763482
rtn_4d_mtm_4d_sma_15d_std_60d_sr_im_hlm,0.517422347263113,0.49838603889260186,0.5128639781189039,0.5133994533531744
rtn_4d_mtm_4d_sma_15d_std_80d_sr_im_hlm,0.5139342204270596,0.515544588222681,0.5142001491038917,0.5139324114867565
rtn_4d_mtm_4d_sma_15d_std_100d_sr_im_hlm,0.5166087215635968,0.5160779110347743,0.511253599724964,0.5117905124766418
rtn_4d_mtm_4d_sma_20d_std_20d_sr_im_hlm,0.5139385252714139,0.5026852839623184,0.5168796863687726,0.5163442111345022
rtn_4d_mtm_4d_sma_20d_std_40d_sr_im_hlm,0.5187588800361616,0.5147392268030324,0.5168804041639927,0.5168804041639927
rtn_4d_mtm_4d_sma_20d_std_60d_sr_im_hlm,0.5182248413558149,0.49972220506017206,0.5131302791821152,0.5131302791821152
rtn_4d_mtm_4d_sma_20d_std_80d_sr_im_hlm,0.5144689769026264,0.5192983079615605,0.5136653935918085,0.5131291995988344
rtn_4d_mtm_4d_sma_20d_std_100d_sr_im_hlm,0.5141926141810466,0.5192954309997787,0.512056454642243,0.5115216981666764
rtn_4d_mtm_4d_sma_25d_std_20d_sr_im_hlm,0.5136707876542788,0.5005379947436676,0.5168796863687726,0.516076473517367
rtn_4d_mtm_4d_sma_25d_std_40d_sr_im_hlm,0.5184911424190263,0.5155427956615976,0.5163445700321121,0.5163445700321121
rtn_4d_mtm_4d_sma_25d_std_60d_sr_im_hlm,0.5190280542072205,0.4986580813540913,0.5133980167992503,0.5125948039478447
rtn_4d_mtm_4d_sma_25d_std_80d_sr_im_hlm,0.5144689769026264,0.5176854143938994,0.5139331312089437,0.5128614619816992
rtn_4d_mtm_4d_sma_25d_std_100d_sr_im_hlm,0.516340265187758,0.5195599337210053,0.512056095744633,0.5120568145033366
rtn_4d_mtm_5d_sma_5d_std_20d_sr_im_hlm,0.5128657822417896,0.5050895400158671,0.5091041532667184,0.5120528608487244
rtn_4d_mtm_5d_sma_5d_std_40d_sr_im_hlm,0.5160768381958781,0.5117854898370674,0.5083009394518294,0.5096396275375055
rtn_4d_mtm_5d_sma_5d_std_60d_sr_im_hlm,0.5179553111775963,0.49249185091663045,0.511514149755062,0.5112460532403167
rtn_4d_mtm_5d_sma_5d_std_80d_sr_im_hlm,0.5176846994891297,0.5021490938232782,0.5101768982233099,0.5101772580844035
rtn_4d_mtm_5d_sma_5d_std_100d_sr_im_hlm,0.5192896876745335,0.5050952833411124,0.5104453555626323,0.509641423952523
rtn_4d_mtm_5d_sma_10d_std_20d_sr_im_hlm,0.5125980446246544,0.5045537029935361,0.5091041532667184,0.512053579607428
rtn_4d_mtm_5d_sma_10d_std_40d_sr_im_hlm,0.5166123134301486,0.5136671986781777,0.5088374923424136,0.5099084428109545
rtn_4d_mtm_5d_sma_10d_std_60d_sr_im_hlm,0.5168843607090554,0.49463195158476053,0.5115148685137657,0.5120507026456462
rtn_4d_mtm_5d_sma_10d_std_80d_sr_im_hlm,0.5176846994891297,0.5053637416439182,0.5099091606061747,0.5099098793648784
rtn_4d_mtm_5d_sma_10d_std_100d_sr_im_hlm,0.5192896876745335,0.4962502440323095,0.5101776179454971,0.5096421427112267
rtn_4d_mtm_5d_sma_15d_std_20d_sr_im_hlm,0.5125980446246544,0.5080411178152703,0.5104428413523945,0.5128582299762412
rtn_4d_mtm_5d_sma_15d_std_40d_sr_im_hlm,0.5171477886644189,0.5160779158521919,0.5088382111011174,0.5096421427112267
rtn_4d_mtm_5d_sma_15d_std_60d_sr_im_hlm,0.5160811478576498,0.4959781890455345,0.5107123744210639,0.5117844025459185
rtn_4d_mtm_5d_sma_15d_std_80d_sr_im_hlm,0.5182201747234001,0.5018838694528972,0.5096417828501332,0.5091048700984553
rtn_4d_mtm_5d_sma_15d_std_100d_sr_im_hlm,0.5195574252916687,0.4900894057303519,0.510714530697175,0.5101783367042009
rtn_4d_mtm_5d_sma_20d_std_20d_sr_im_hlm,0.5120618506316803,0.509383758592075,0.5115152293383428,0.5125897726369187
rtn_4d_mtm_5d_sma_20d_std_40d_sr_im_hlm,0.5166123134301486,0.5195606601875772,0.510177259047887,0.5093740461964813
rtn_4d_mtm_5d_sma_20d_std_60d_sr_im_hlm,0.5166159043332165,0.49383736480128315,0.5112489273116481,0.5123209544730192
rtn_4d_mtm_5d_sma_20d_std_80d_sr_im_hlm,0.5171485054961555,0.4994656077212028,0.5091059487182525,0.5093729666132006
rtn_4d_mtm_5d_sma_20d_std_100d_sr_im_hlm,0.5192889689158298,0.49518899343407663,0.5091066684404398,0.5101769001502768
rtn_4d_mtm_5d_sma_25d_std_20d_sr_im_hlm,0.5120618506316803,0.5152761443721279,0.5112464140648939,0.5117862008879029
rtn_4d_mtm_5d_sma_25d_std_40d_sr_im_hlm,0.5158083818200392,0.5136675623932054,0.511248568414038,0.5096421427112267
rtn_4d_mtm_5d_sma_25d_std_60d_sr_im_hlm,0.5174191171846221,0.4898198668807816,0.5120521401630537,0.5112489273116481
rtn_4d_mtm_5d_sma_25d_std_80d_sr_im_hlm,0.5171485054961555,0.49651941531291816,0.5101779768431072,0.509103793405625
rtn_4d_mtm_5d_sma_25d_std_100d_sr_im_hlm,0.5190212312986946,0.49277719474981446,0.5096425025723204,0.5104428403889111
rtn_5d_mtm_1d_sma_5d_std_20d_sr_im_hlm,0.5128611136824077,0.5107188471033314,0.5179466880001187,0.5182151443759576
rtn_5d_mtm_1d_sma_5d_std_40d_sr_im_hlm,0.5064285831452192,0.5056278787231502,0.516342058712325,0.5158055058217409
rtn_5d_mtm_1d_sma_5d_std_60d_sr_im_hlm,0.5123202482396012,0.4815128160530036,0.5147359909436403,0.5147359909436403
rtn_5d_mtm_1d_sma_5d_std_80d_sr_im_hlm,0.5085708468338451,0.5088479186792934,0.5160732424753924,0.5163427765075452
rtn_5d_mtm_1d_sma_5d_std_100d_sr_im_hlm,0.5053536828760004,0.5029472686193731,0.5139306237430906,0.5139313425017944
rtn_5d_mtm_1d_sma_10d_std_20d_sr_im_hlm,0.5128632699585189,0.5117919567384339,0.5179474067588223,0.5187509785078381
rtn_5d_mtm_1d_sma_10d_std_40d_sr_im_hlm,0.5064285831452192,0.5037634181639622,0.5166094374318502,0.5166090775707565
rtn_5d_mtm_1d_sma_10d_std_60d_sr_im_hlm,0.5125879858567364,0.4887435242767376,0.5147349132873265,0.5160753968245366
rtn_5d_mtm_1d_sma_10d_std_80d_sr_im_hlm,0.5074998963653042,0.5048279026946201,0.5158065834780545,0.5155388458609194
rtn_5d_mtm_1d_sma_10d_std_100d_sr_im_hlm,0.5074955838130818,0.5088471989571062,0.5152700296239868,0.5147334767334026
rtn_5d_mtm_1d_sma_15d_std_20d_sr_im_hlm,0.5123256384481374,0.5077669075158676,0.5184832418541865,0.5187506196102281
rtn_5d_mtm_1d_sma_15d_std_40d_sr_im_hlm,0.5093736969337065,0.5013422813974528,0.5171445528050269,0.5174130091808659
rtn_5d_mtm_1d_sma_15d_std_60d_sr_im_hlm,0.5123202482396012,0.48392532675158473,0.5160746790293164,0.5158080190684949
rtn_5d_mtm_1d_sma_15d_std_80d_sr_im_hlm,0.5096417973023858,0.5013426451124806,0.5150015742116315,0.5155377682046056
rtn_5d_mtm_1d_sma_15d_std_100d_sr_im_hlm,0.5074955838130818,0.505625718593105,0.5152693108652832,0.5163416988512314
rtn_5d_mtm_1d_sma_20d_std_20d_sr_im_hlm,0.5096410746897482,0.5093729714306181,0.5187513383689317,0.5192871725008122
rtn_5d_mtm_1d_sma_20d_std_40d_sr_im_hlm,0.5061601267693803,0.5008039349823016,0.5168764562902816,0.5168775349100789
rtn_5d_mtm_1d_sma_20d_std_60d_sr_im_hlm,0.5123195294808974,0.48874999310507106,0.5155388439339523,0.5152714661779108
rtn_5d_mtm_1d_sma_20d_std_80d_sr_im_hlm,0.5037429446209667,0.49759072467906906,0.5160732424753924,0.5155374083435119
rtn_5d_mtm_1d_sma_20d_std_100d_sr_im_hlm,0.507494865054378,0.4970484120840199,0.5166087177096628,0.517144911702637
rtn_5d_mtm_1d_sma_25d_std_20d_sr_im_hlm,0.5128603949237039,0.5048217956543473,0.5184832418541865,0.5190190759860669
rtn_5d_mtm_1d_sma_25d_std_40d_sr_im_hlm,0.5061601267693803,0.5018763191143158,0.5171438350098067,0.5184850373057205
rtn_5d_mtm_1d_sma_25d_std_60d_sr_im_hlm,0.5123195294808974,0.48767473586520904,0.515270747419207,0.5155392037950459
rtn_5d_mtm_1d_sma_25d_std_80d_sr_im_hlm,0.5088378656922765,0.5002677390623604,0.5160732424753924,0.5163409791290441
rtn_5d_mtm_1d_sma_25d_std_100d_sr_im_hlm,0.5050852265001613,0.5032146454119312,0.516876455326798,0.5174130082173823
rtn_5d_mtm_2d_sma_5d_std_20d_sr_im_hlm,0.5131335198589249,0.5192929129356069,0.51286039106977,0.5131284875845152
rtn_5d_mtm_2d_sma_5d_std_40d_sr_im_hlm,0.5174166039378679,0.5045526147389036,0.5147374274975642,0.5144693309828189
rtn_5d_mtm_2d_sma_5d_std_60d_sr_im_hlm,0.5187585221020349,0.4999946141271397,0.5123252747331096,0.5123256336307197
rtn_5d_mtm_2d_sma_5d_std_80d_sr_im_hlm,0.5174162440767743,0.5083070522730033,0.5142001558482763,0.514736348877767
rtn_5d_mtm_2d_sma_5d_std_100d_sr_im_hlm,0.5187516982300254,0.5099073593737395,0.5136639618553023,0.5123245550109224
rtn_5d_mtm_2d_sma_10d_std_20d_sr_im_hlm,0.5131335198589249,0.5184850315248194,0.5125922945550248,0.5131274099282015
rtn_5d_mtm_2d_sma_10d_std_40d_sr_im_hlm,0.5174173217330882,0.5058909439269695,0.5139334968509384,0.5142015933656837
rtn_5d_mtm_2d_sma_10d_std_60d_sr_im_hlm,0.5187588819631285,0.49892653965689726,0.5125926534526347,0.5128614677626002
rtn_5d_mtm_2d_sma_10d_std_80d_sr_im_hlm,0.5200964914290072,0.5072364607020725,0.5142001558482763,0.5144686112606317
rtn_5d_mtm_2d_sma_10d_std_100d_sr_im_hlm,0.5217007598922238,0.5099087959276635,0.5136643217163959,0.5128607490038967
rtn_5d_mtm_2d_sma_15d_std_20d_sr_im_hlm,0.51340125747606,0.5219706518585031,0.5128593143769397,0.5131277707527786
rtn_5d_mtm_2d_sma_15d_std_40d_sr_im_hlm,0.5174166039378679,0.5045554868832679,0.5142012344680735,0.5144693309828189
rtn_5d_mtm_2d_sma_15d_std_60d_sr_im_hlm,0.5179553092506293,0.4959774741407649,0.5128600312086764,0.513663961855302
rtn_5d_mtm_2d_sma_15d_std_80d_sr_im_hlm,0.5174166029743844,0.5050891705199383,0.5147345534262329,0.5155395617291726
rtn_5d_mtm_2d_sma_15d_std_100d_sr_im_hlm,0.5184839606128901,0.5093726067521069,0.5133962252016505,0.5133965840992606
rtn_5d_mtm_2d_sma_20d_std_20d_sr_im_hlm,0.5131328011002212,0.515006961529717,0.5117869273544748,0.5133951494723037
rtn_5d_mtm_2d_sma_20d_std_40d_sr_im_hlm,0.5174166029743844,0.5072375325774854,0.5144686141510822,0.5144689720852088
rtn_5d_mtm_2d_sma_20d_std_60d_sr_im_hlm,0.5179542315943154,0.4983921420789407,0.5133955064429468,0.5133958663040403
rtn_5d_mtm_2d_sma_20d_std_80d_sr_im_hlm,0.519560297436033,0.5050909669349559,0.5150019311822744,0.5141990781919624
rtn_5d_mtm_2d_sma_20d_std_100d_sr_im_hlm,0.5208961095234107,0.5088392887574311,0.5139313405748271,0.5147352721849365
rtn_5d_mtm_2d_sma_25d_std_20d_sr_im_hlm,0.5131328011002212,0.5158087378271988,0.5123245588648564,0.5144675364947685
rtn_5d_mtm_2d_sma_25d_std_40d_sr_im_hlm,0.5174158851791641,0.5091152858370164,0.5147363517682175,0.5147370695634377
rtn_5d_mtm_2d_sma_25d_std_60d_sr_im_hlm,0.5190255409604664,0.49464417530014143,0.5133955064429468,0.5136643217163958
rtn_5d_mtm_2d_sma_25d_std_80d_sr_im_hlm,0.5176839807304259,0.5064310935015229,0.5141980005356487,0.514735271221453
rtn_5d_mtm_2d_sma_25d_std_100d_sr_im_hlm,0.5187513383689317,0.5109811868040623,0.5144671747067078,0.5147345534262329
rtn_5d_mtm_3d_sma_5d_std_20d_sr_im_hlm,0.5131313626193301,0.5101945131107104,0.5144653821456243,0.5150008573798948
rtn_5d_mtm_3d_sma_5d_std_40d_sr_im_hlm,0.5093769318296151,0.5144743613302614,0.5144639407742828,0.5152671536256884
rtn_5d_mtm_3d_sma_5d_std_60d_sr_im_hlm,0.5093715406575953,0.5136711465518887,0.5147313185303244,0.5141958432960541
rtn_5d_mtm_3d_sma_5d_std_80d_sr_im_hlm,0.5096428711047655,0.49812655688398255,0.5131234572370728,0.5125872632440986
rtn_5d_mtm_3d_sma_5d_std_100d_sr_im_hlm,0.5115159567683982,0.512596962150923,0.5131227394418525,0.5125872642075822
rtn_5d_mtm_3d_sma_10d_std_20d_sr_im_hlm,0.5131313626193301,0.5176990688823031,0.5144650242114978,0.5147334805873367
rtn_5d_mtm_3d_sma_10d_std_40d_sr_im_hlm,0.5096450283443603,0.5136661142774793,0.5152675125232985,0.5155356090380439
rtn_5d_mtm_3d_sma_10d_std_60d_sr_im_hlm,0.5099070158918657,0.5128636221117444,0.5155366876578411,0.5149997749061633
rtn_5d_mtm_3d_sma_10d_std_80d_sr_im_hlm,0.511517034424712,0.5021469346567164,0.5123206042467607,0.5125890606225998
rtn_5d_mtm_3d_sma_10d_std_100d_sr_im_hlm,0.5109808404317379,0.5211724693545399,0.5131238170981663,0.5131245358568701
rtn_5d_mtm_3d_sma_15d_std_20d_sr_im_hlm,0.5104507563694871,0.5131385444254664,0.5147334805873367,0.5144653831091078
rtn_5d_mtm_3d_sma_15d_std_40d_sr_im_hlm,0.5107159797763846,0.5128650605926353,0.5149990571109432,0.514999775869647
rtn_5d_mtm_3d_sma_15d_std_60d_sr_im_hlm,0.5099070158918657,0.5053601459234325,0.5152685911430959,0.5152693099017995
rtn_5d_mtm_3d_sma_15d_std_80d_sr_im_hlm,0.5117847720418471,0.49839717146289964,0.5133922734740054,0.5123213230054645
rtn_5d_mtm_3d_sma_15d_std_100d_sr_im_hlm,0.5128546448540743,0.5198294696801252,0.5133919145763952,0.5139281085693692
rtn_5d_mtm_3d_sma_20d_std_20d_sr_im_hlm,0.512863625002195,0.5117951868169248,0.5158058666463179,0.5155388477878864
rtn_5d_mtm_3d_sma_20d_std_40d_sr_im_hlm,0.5083063402586843,0.5117829698459286,0.5147313204572914,0.5139281076058858
rtn_5d_mtm_3d_sma_20d_std_60d_sr_im_hlm,0.5101761910264083,0.5018756003556122,0.5168768132609246,0.5155366876578411
rtn_5d_mtm_3d_sma_20d_std_80d_sr_im_hlm,0.5117847720418471,0.5018809944180823,0.5144643006353765,0.5141965630182412
rtn_5d_mtm_3d_sma_20d_std_100d_sr_im_hlm,0.5101761900629248,0.5201043929573305,0.5141954853619273,0.5149994169720367
rtn_5d_mtm_3d_sma_25d_std_20d_sr_im_hlm,0.5120604121507892,0.5128690123202805,0.5152707503096576,0.5147352750753872
rtn_5d_mtm_3d_sma_25d_std_40d_sr_im_hlm,0.5083067001197779,0.5099016189389449,0.5141965639817248,0.5144639417377663
rtn_5d_mtm_3d_sma_25d_std_60d_sr_im_hlm,0.5091038030404601,0.5072353830457589,0.5155366876578411,0.5152689500407059
rtn_5d_mtm_3d_sma_25d_std_80d_sr_im_hlm,0.5099106087219007,0.5016107368098083,0.5144643006353765,0.5136610877839709
rtn_5d_mtm_3d_sma_25d_std_100d_sr_im_hlm,0.5115159567683982,0.5201036732351432,0.5149990571109431,0.5160707263381876
rtn_5d_mtm_4d_sma_5d_std_20d_sr_im_hlm,0.5131338787565349,0.4978555862979059,0.5184843166200498,0.5174133661515089
rtn_5d_mtm_4d_sma_5d_std_40d_sr_im_hlm,0.5166130312253687,0.5040239720479942,0.5168775281656943,0.5163416940338138
rtn_5d_mtm_4d_sma_5d_std_60d_sr_im_hlm,0.5166169819895303,0.494636267990917,0.5163424108655505,0.5158069356312801
rtn_5d_mtm_4d_sma_5d_std_80d_sr_im_hlm,0.5174173207696046,0.49571260963147745,0.5166072753748379,0.5168753718895831
rtn_5d_mtm_4d_sma_5d_std_100d_sr_im_hlm,0.5195577841892789,0.4997376559635932,0.513127764008394,0.514468608370181
rtn_5d_mtm_4d_sma_10d_std_20d_sr_im_hlm,0.5134016163736701,0.49946273172290434,0.5179488413857793,0.5187531318934988
rtn_5d_mtm_4d_sma_10d_std_40d_sr_im_hlm,0.5166126723277585,0.5067034987145564,0.5176811008781935,0.5171449068852194
rtn_5d_mtm_4d_sma_10d_std_60d_sr_im_hlm,0.5166169819895303,0.49436709381985783,0.5158062168725764,0.5155391970506613
rtn_5d_mtm_4d_sma_10d_std_80d_sr_im_hlm,0.5184882712381454,0.4973179567144913,0.5166087128922452,0.5158037036258222
rtn_5d_mtm_4d_sma_10d_std_100d_sr_im_hlm,0.5195577841892789,0.49786637153239577,0.5139320545161133,0.5147359861262227
rtn_5d_mtm_4d_sma_15d_std_20d_sr_im_hlm,0.5125984035222645,0.4986598787325923,0.5187538506522025,0.5182190941766358
rtn_5d_mtm_4d_sma_15d_std_40d_sr_im_hlm,0.5176847004526133,0.5042913449866183,0.5176818196368973,0.5174133632610582
rtn_5d_mtm_4d_sma_15d_std_60d_sr_im_hlm,0.5171524572238008,0.49329829866394465,0.5155381203578311,0.5158062168725764
rtn_5d_mtm_4d_sma_15d_std_80d_sr_im_hlm,0.517952796003875,0.4954455927000129,0.5160721600016611,0.5158037036258222
rtn_5d_mtm_4d_sma_15d_std_100d_sr_im_hlm,0.5195577841892789,0.49625850638521,0.514468608370181,0.5136661142774792
rtn_5d_mtm_4d_sma_20d_std_20d_sr_im_hlm,0.5123299471464257,0.4986548512756003,0.5184861139985508,0.5176836199058489
rtn_5d_mtm_4d_sma_20d_std_40d_sr_im_hlm,0.5160771970934881,0.5010817294403879,0.517414082019762,0.5171456256439231
rtn_5d_mtm_4d_sma_20d_std_60d_sr_im_hlm,0.5163485256136914,0.49142377451942104,0.5168775272022107,0.5163413332092366
rtn_5d_mtm_4d_sma_20d_std_80d_sr_im_hlm,0.5179520772451712,0.49088938079539857,0.5168757317506768,0.5171438282654222
rtn_5d_mtm_4d_sma_20d_std_100d_sr_im_hlm,0.5192893278134398,0.4922348994974687,0.5155399186998155,0.5144696869899784
rtn_5d_mtm_4d_sma_25d_std_20d_sr_im_hlm,0.5120622095292904,0.49731292925749937,0.5179509976618906,0.517951357522984
rtn_5d_mtm_4d_sma_25d_std_40d_sr_im_hlm,0.5166130312253687,0.49973872976597306,0.5166101504096526,0.5163420538949074
rtn_5d_mtm_4d_sma_25d_std_60d_sr_im_hlm,0.5163485256136914,0.488207331247247,0.5160743143508051,0.515538120357831
rtn_5d_mtm_4d_sma_25d_std_80d_sr_im_hlm,0.5171488643937656,0.4922323795063298,0.5166076342724479,0.5163398966553128
rtn_5d_mtm_4d_sma_25d_std_100d_sr_im_hlm,0.5192893278134398,0.49465064412847487,0.5147363469508,0.5144693280923684
rtn_5d_mtm_5d_sma_5d_std_20d_sr_im_hlm,0.5150080420764814,0.5059006582495302,0.5139320564430804,0.5144678915384444
rtn_5d_mtm_5d_sma_5d_std_40d_sr_im_hlm,0.5160754035689212,0.5077701404848091,0.5150051622242489,0.5147374246071136
rtn_5d_mtm_5d_sma_5d_std_60d_sr_im_hlm,0.5195628135732377,0.5032074626423115,0.5158105303882822,0.5142033859267672
rtn_5d_mtm_5d_sma_5d_std_80d_sr_im_hlm,0.5184879123405353,0.4973237087110881,0.5158098116295784,0.514204104685471
rtn_5d_mtm_5d_sma_5d_std_100d_sr_im_hlm,0.5217007618191909,0.5000032334506832,0.5142015895117498,0.5125944450502347
rtn_5d_mtm_5d_sma_10d_std_20d_sr_im_hlm,0.5150080420764814,0.508585581869013,0.5141997950236992,0.5139316975454703
rtn_5d_mtm_5d_sma_10d_std_40d_sr_im_hlm,0.5206319676267611,0.5050913296865001,0.5150062408440462,0.5150065997416563
rtn_5d_mtm_5d_sma_10d_std_60d_sr_im_hlm,0.5190273383389673,0.5005394274436574,0.5160786259395439,0.5147399388173515
rtn_5d_mtm_5d_sma_10d_std_80d_sr_im_hlm,0.5184879123405353,0.4989351647613418,0.5168821996155267,0.5144725610613098
rtn_5d_mtm_5d_sma_10d_std_100d_sr_im_hlm,0.5225050513634268,0.4957158368195178,0.5131292024892848,0.5120596895381515
rtn_5d_mtm_5d_sma_15d_std_20d_sr_im_hlm,0.5139370916079405,0.5117977106619978,0.5147356291555797,0.5147356291555797
rtn_5d_mtm_5d_sma_15d_std_40d_sr_im_hlm,0.5155399283346508,0.5007992635324693,0.5152739784611814,0.5142030279926406
rtn_5d_mtm_5d_sma_15d_std_60d_sr_im_hlm,0.5190273383389675,0.49812942999183035,0.516614819932518,0.5144725600978264
rtn_5d_mtm_5d_sma_15d_std_80d_sr_im_hlm,0.5187556499576705,0.4997390954079677,0.5166137432396878,0.5142026671680634
rtn_5d_mtm_5d_sma_15d_std_100d_sr_im_hlm,0.521163849067513,0.500271329001945,0.5144689682312747,0.5128625425284635
rtn_5d_mtm_5d_sma_20d_std_20d_sr_im_hlm,0.5144718480835073,0.5069705272078231,0.5141994361260891,0.5136646796505223
rtn_5d_mtm_5d_sma_20d_std_40d_sr_im_hlm,0.5190212293717276,0.49838566843318965,0.514202309233937,0.514202309233937
rtn_5d_mtm_5d_sma_20d_std_60d_sr_im_hlm,0.5184911443459933,0.4994627278689703,0.5158105294247987,0.5136679106924967
rtn_5d_mtm_5d_sma_20d_std_80d_sr_im_hlm,0.5182194559646963,0.5013512692534416,0.5160768304880099,0.5147385012999439
rtn_5d_mtm_5d_sma_20d_std_100d_sr_im_hlm,0.5208953926916741,0.5024189780816893,0.5142008707530459,0.5142008707530459
rtn_5d_mtm_5d_sma_25d_std_20d_sr_im_hlm,0.5147395857006425,0.5123252805140107,0.5133962232746835,0.5131292044162519
rtn_5d_mtm_5d_sma_25d_std_40d_sr_im_hlm,0.5160750437078276,0.5005246924084894,0.514202309233937,0.5139345716168017
rtn_5d_mtm_5d_sma_25d_std_60d_sr_im_hlm,0.5187588819631286,0.49705812351612993,0.5152743363953081,0.5136675517948868
rtn_5d_mtm_5d_sma_25d_std_80d_sr_im_hlm,0.5182194559646963,0.503222194787029,0.5158087339732645,0.5128636201847774
rtn_5d_mtm_5d_sma_25d_std_100d_sr_im_hlm,0.5208953926916741,0.5064336057847936,0.5128618237697598,0.5128618237697598
