,100_1_euler_maruyama,100_1_euler_maruyama_time,100_3_euler_maruyama,100_3_euler_maruyama_time,100_5_euler_maruyama,100_5_euler_maruyama_time,100_10_euler_maruyama,100_10_euler_maruyama_time,100_20_euler_maruyama,100_20_euler_maruyama_time,100_50_euler_maruyama,100_50_euler_maruyama_time,1000_1_euler_maruyama,1000_1_euler_maruyama_time,1000_3_euler_maruyama,1000_3_euler_maruyama_time,1000_5_euler_maruyama,1000_5_euler_maruyama_time,1000_10_euler_maruyama,1000_10_euler_maruyama_time,1000_20_euler_maruyama,1000_20_euler_maruyama_time,1000_50_euler_maruyama,1000_50_euler_maruyama_time,10000_1_euler_maruyama,10000_1_euler_maruyama_time,10000_3_euler_maruyama,10000_3_euler_maruyama_time,10000_5_euler_maruyama,10000_5_euler_maruyama_time,10000_10_euler_maruyama,10000_10_euler_maruyama_time,10000_20_euler_maruyama,10000_20_euler_maruyama_time,10000_50_euler_maruyama,10000_50_euler_maruyama_time,100000_1_euler_maruyama,100000_1_euler_maruyama_time,100000_3_euler_maruyama,100000_3_euler_maruyama_time,100000_5_euler_maruyama,100000_5_euler_maruyama_time,100000_10_euler_maruyama,100000_10_euler_maruyama_time,100000_20_euler_maruyama,100000_20_euler_maruyama_time,100000_50_euler_maruyama,100000_50_euler_maruyama_time,1000000_1_euler_maruyama,1000000_1_euler_maruyama_time,1000000_3_euler_maruyama,1000000_3_euler_maruyama_time,1000000_5_euler_maruyama,1000000_5_euler_maruyama_time,1000000_10_euler_maruyama,1000000_10_euler_maruyama_time,1000000_20_euler_maruyama,1000000_20_euler_maruyama_time,1000000_50_euler_maruyama,1000000_50_euler_maruyama_time
0,0.542200771965407,0.00010204315185546875,0.5136638892303856,8.702278137207031e-05,0.48512700649536417,0.00014066696166992188,0.5041515949853784,0.0001347064971923828,0.5041515949853784,0.0001552104949951172,0.5231761834753927,0.000324249267578125,0.5850060960679391,0.0001380443572998047,0.5640790487289233,0.0002040863037109375,0.5345909365694014,0.00025010108947753906,0.508907742107882,0.0004780292510986328,0.5479081485124112,0.002485036849975586,0.5441032308144084,0.007467985153198242,0.5703571629306281,0.0007460117340087891,0.5412495425409062,0.0012202262878417969,0.5405836819437558,0.0019719600677490234,0.5357324118788022,0.00722503662109375,0.5381104854400539,0.013424158096313477,0.5319274941807993,0.03457212448120117,0.5688922696168971,0.0046710968017578125,0.5431710259783977,0.041687965393066406,0.5406692925919608,0.028342723846435547,0.538177071499769,0.05439114570617676,0.5318894450038193,0.11007094383239746,0.5351902111068367,0.353687047958374,0.5699671588665828,0.06999611854553223,0.5437703005158332,0.1859898567199707,0.538819151361307,0.296428918838501,0.5355859225474291,0.5918469429016113,0.5337576595935386,1.35080885887146,0.5326599408376648,4.031206846237183
1,0.5326884777203998,9.202957153320312e-05,0.5612253604554213,7.319450378417969e-05,0.5707376547004284,9.799003601074219e-05,0.5897622431904427,0.00010514259338378906,0.5707376547004284,0.0001308917999267578,0.5612253604554213,0.0002579689025878906,0.5840548666434384,0.0006799697875976562,0.5364933954184027,0.0001766681671142578,0.5203224952018906,0.0003380775451660156,0.5222249540508921,0.0004649162292480469,0.5431520013899077,0.002009153366088867,0.5174688069283885,0.002424955368041992,0.5677888434844762,0.000476837158203125,0.5427715096201075,0.0012001991271972656,0.547622779685061,0.002140045166015625,0.5343055677420511,0.004313945770263672,0.5331640924326502,0.009247064590454102,0.5259347488064448,0.026192903518676758,0.5708803391141035,0.004889011383056641,0.5454920257741794,0.025567054748535156,0.540878563065351,0.02907419204711914,0.5333067768463253,0.05590009689331055,0.5309191909908285,0.12487292289733887,0.5324411580700297,0.3233931064605713,0.5697626445403152,0.06290125846862793,0.5447424569876729,0.18381166458129883,0.5398055762745142,0.29460978507995605,0.5359540483347107,0.8279051780700684,0.5338993927777893,1.1504640579223633,0.5327940641865194,4.949106931686401
2,0.5707376547004284,0.00015211105346679688,0.551713066210414,6.985664367675781e-05,0.608786831680457,7.915496826171875e-05,0.5231761834753927,9.918212890625e-05,0.6182991259254641,0.000125885009765625,0.4565901237603427,0.00026702880859375,0.5659815075779249,0.0005919933319091797,0.5583716721819191,0.0001780986785888672,0.5355421659939019,0.0002498626708984375,0.5460056896634098,0.0004048347473144531,0.5383958542674041,0.0008881092071533203,0.5355421659939019,0.0019006729125976562,0.5725449906069797,0.00046515464782714844,0.5398226984041552,0.001219034194946289,0.5376348707278036,0.0019180774688720703,0.5338299530298007,0.006474971771240234,0.530215281216698,0.008662939071655273,0.5378251166127037,0.025014162063598633,0.5705093596385482,0.005188941955566406,0.5455871487166295,0.024878978729248047,0.5390331779818196,0.029573917388916016,0.5356848504075772,0.06922006607055664,0.5358750962924772,0.11618924140930176,0.5341438587398859,0.3479878902435303,0.5694839343189365,0.060218095779418945,0.544883238942499,0.18174076080322266,0.5393185468091698,0.32349395751953125,0.5358037540856396,0.8226108551025391,0.5343112751185981,1.330413818359375,0.5328977481937901,2.976270914077759
3,0.608786831680457,0.00014209747314453125,0.5326884777203998,7.104873657226562e-05,0.5041515949853784,7.891654968261719e-05,0.5136638892303856,9.512901306152344e-05,0.5802499489454356,0.0001277923583984375,0.5326884777203998,0.0002319812774658203,0.5831036372189377,0.00032067298889160156,0.5431520013899077,0.0001747608184814453,0.5279323305978963,0.00024008750915527344,0.5222249540508921,0.0004520416259765625,0.5707376547004284,0.0007631778717041016,0.5498106073614126,0.0020127296447753906,0.5743523265135311,0.00047516822814941406,0.5521886809226645,0.0011987686157226562,0.5306908959289484,0.0019338130950927734,0.5427715096201075,0.00573420524597168,0.5375397477853535,0.008435964584350586,0.539537329576805,0.0255429744720459,0.5695295933313125,0.005027055740356445,0.5461198371943499,0.02714991569519043,0.5388619566854095,0.02972126007080078,0.5354185061687169,0.05710887908935547,0.5320892031829644,0.1172640323638916,0.5321462769484344,0.37615180015563965,0.5690777593546746,0.06148219108581543,0.5443182086643455,0.18230223655700684,0.5390284218346971,0.2865879535675049,0.5354137500215943,0.8348591327667236,0.5336463657508721,1.1917576789855957,0.5339108075308833,2.8331031799316406
4,0.5897622431904427,9.703636169433594e-05,0.5326884777203998,6.985664367675781e-05,0.5231761834753927,7.700920104980469e-05,0.4946393007403713,9.512901306152344e-05,0.5612253604554213,0.0001270771026611328,0.4946393007403713,0.0002276897430419922,0.588811013765942,0.0001239776611328125,0.5193712657773899,0.00017404556274414062,0.5469569190879106,0.00023698806762695312,0.542200771965407,0.0004107952117919922,0.5212737246263913,0.0008509159088134766,0.5193712657773899,0.0019910335540771484,0.5710230235277786,0.0005679130554199219,0.539537329576805,0.001241922378540039,0.5430568784474576,0.001928091049194336,0.531547002410999,0.006326913833618164,0.5305006500440482,0.008914947509765625,0.5324982318354997,0.025257349014282227,0.5686734868492619,0.0050389766693115234,0.5477179026275111,0.01905989646911621,0.5386241493292843,0.050726890563964844,0.5319845679462692,0.05707073211669922,0.538243657559484,0.13369488716125488,0.5337348300873507,0.2925381660461426,0.5691481503320878,0.0637660026550293,0.5447700426409834,0.1792900562286377,0.54037536269979,0.3034040927886963,0.5361547577432805,0.8762741088867188,0.5345614484572419,1.1804289817810059,0.5330566035076816,2.8980929851531982
5,0.5992745374354498,9.918212890625e-05,0.5136638892303856,7.295608520507812e-05,0.5041515949853784,7.82012939453125e-05,0.542200771965407,0.00010013580322265625,0.5136638892303856,0.00012612342834472656,0.5041515949853784,0.00023031234741210938,0.5441032308144084,0.00012111663818359375,0.551713066210414,0.00017404556274414062,0.5393470836919048,0.00023603439331054688,0.5345909365694014,0.00040340423583984375,0.5612253604554213,0.0011687278747558594,0.5374446248429033,0.001984119415283203,0.5673132287722259,0.00047397613525390625,0.5442934766993086,0.0012102127075195312,0.5363982724759526,0.0019593238830566406,0.5392519607494547,0.005757331848144531,0.5305957729864983,0.008967876434326172,0.5322128630081495,0.02426290512084961,0.570366675224873,0.005054950714111328,0.5450925094158892,0.03555178642272949,0.536930960953673,0.02859783172607422,0.5361890020025625,0.05672502517700195,0.5321938384196595,0.11329317092895508,0.5317848097671242,0.29650425910949707,0.569511519972247,0.057546138763427734,0.5441707681035479,0.19295406341552734,0.5404248266298641,0.3649570941925049,0.5360035122647848,0.633080005645752,0.5339545640844103,1.3266229629516602,0.5331593362855277,2.7911019325256348
6,0.46610241800534985,7.224082946777344e-05,0.48512700649536417,7.104873657226562e-05,0.5326884777203998,9.489059448242188e-05,0.4946393007403713,9.489059448242188e-05,0.4375655352703285,0.00012612342834472656,0.5231761834753927,0.0002276897430419922,0.575493801822932,0.00010800361633300781,0.551713066210414,0.00018095970153808594,0.5678839664269263,0.00023698806762695312,0.5279323305978963,0.00040078163146972656,0.5355421659939019,0.0009186267852783203,0.5250786423243942,0.002164125442504883,0.5770157689021331,0.00047469139099121094,0.5411544195984561,0.0012059211730957031,0.5326884777203998,0.002708911895751953,0.5391568378070046,0.004166126251220703,0.5373495019004533,0.008420944213867188,0.5246030276121437,0.02453470230102539,0.570366675224873,0.005252838134765625,0.5442078660511035,0.018639087677001953,0.5414968621912765,0.028527021408081055,0.5348192316312814,0.05561208724975586,0.5330404326074651,0.11054277420043945,0.5336682440276356,0.30296921730041504,0.5699643051783093,0.05771899223327637,0.5445322352848583,0.18469977378845215,0.5399140164289072,0.5097010135650635,0.5365523716427217,0.7770700454711914,0.5340106866204558,1.3029639720916748,0.5329576756475335,2.7455689907073975
7,0.542200771965407,6.175041198730469e-05,0.5612253604554213,7.605552673339844e-05,0.5897622431904427,8.0108642578125e-05,0.4946393007403713,9.703636169433594e-05,0.608786831680457,0.0001270771026611328,0.48512700649536417,0.0002288818359375,0.5479081485124112,0.00010228157043457031,0.5469569190879106,0.0001761913299560547,0.5402983131164055,0.0002391338348388672,0.5269811011733956,0.00042319297790527344,0.5431520013899077,0.0007889270782470703,0.5345909365694014,0.0018630027770996094,0.5709279005853285,0.0004909038543701172,0.5465764273181103,0.0012021064758300781,0.5325933547779498,0.0021448135375976562,0.5291689288497472,0.003580331802368164,0.5418202801956067,0.008592844009399414,0.5392519607494547,0.024857044219970703,0.570185941634218,0.0049800872802734375,0.5475086321541209,0.018931150436401367,0.5397085508732151,0.02809000015258789,0.5365504691838727,0.05619096755981445,0.535532653699657,0.1122279167175293,0.534238981682336,0.28066420555114746,0.5693973724413068,0.05751204490661621,0.5443971607065791,0.17481493949890137,0.5391406669067882,0.6770460605621338,0.5360101708707563,0.8368208408355713,0.5334989251900745,1.3181641101837158,0.5329300899942231,2.828608989715576
8,0.741958951110557,6.413459777832031e-05,0.5707376547004284,7.176399230957031e-05,0.5707376547004284,8.0108642578125e-05,0.551713066210414,9.584426879882812e-05,0.5326884777203998,0.00013899803161621094,0.5707376547004284,0.00023031234741210938,0.568835195851427,0.000102996826171875,0.5574204427574184,0.0001747608184814453,0.528883560022397,0.0002377033233642578,0.5345909365694014,0.00040602684020996094,0.5326884777203998,0.0008018016815185547,0.5364933954184027,0.002007007598876953,0.5747328182833313,0.0004589557647705078,0.5371592560155531,0.0012140274047851562,0.538205608382504,0.0021648406982421875,0.5303104041591481,0.003834247589111328,0.5358275348212522,0.008796930313110352,0.5351616742241017,0.02336406707763672,0.5678554295441912,0.004965066909790039,0.5447405545288239,0.017735958099365234,0.5405075835897957,0.028072834014892578,0.5348858176909965,0.06393909454345703,0.5319845679462692,0.1298842430114746,0.5321938384196595,0.2848038673400879,0.5696998633982981,0.060024261474609375,0.5455529044573475,0.178391695022583,0.5388876398798711,0.4813072681427002,0.5360891229129899,0.7410869598388672,0.5340696628447749,1.1878437995910645,0.5326304527255052,2.767669916152954
9,0.5802499489454356,6.079673767089844e-05,0.5897622431904427,7.200241088867188e-05,0.5041515949853784,7.796287536621094e-05,0.4470778295153356,9.322166442871094e-05,0.4946393007403713,0.0001289844512939453,0.551713066210414,0.00022482872009277344,0.582152407794437,0.00010180473327636719,0.542200771965407,0.00022101402282714844,0.5460056896634098,0.0002548694610595703,0.5355421659939019,0.0004000663757324219,0.5241274128998935,0.000762939453125,0.5269811011733956,0.0019040107727050781,0.5767304000747828,0.000457763671875,0.5449593372964591,0.0011920928955078125,0.5393470836919048,0.0033049583435058594,0.5359226577637023,0.003576040267944336,0.5353519201090018,0.00840902328491211,0.5311665106411987,0.05893826484680176,0.5708803391141035,0.005053997039794922,0.5433993210402779,0.01805901527404785,0.5396895262847251,0.02814483642578125,0.5365029077126477,0.056584835052490234,0.5343055677420511,0.12140536308288574,0.5353614324032469,0.28458309173583984,0.5697236441339106,0.05687713623046875,0.5446206996213369,0.18685007095336914,0.5396543307960185,0.6251568794250488,0.5370631818436786,0.6513688564300537,0.5344368374026321,1.2491860389709473,0.5335579014143935,2.757110118865967
10,0.5707376547004284,6.413459777832031e-05,0.5802499489454356,7.200241088867188e-05,0.5231761834753927,7.796287536621094e-05,0.551713066210414,9.298324584960938e-05,0.48512700649536417,0.00012803077697753906,0.5897622431904427,0.00023102760314941406,0.5735913429739306,0.00010204315185546875,0.5374446248429033,0.00018215179443359375,0.5374446248429033,0.00027489662170410156,0.5574204427574184,0.0003981590270996094,0.5041515949853784,0.0007500648498535156,0.5764450312474326,0.0025191307067871094,0.5659815075779249,0.0005450248718261719,0.5410592966560062,0.0011980533599853516,0.5352567971665517,0.0028142929077148438,0.5343055677420511,0.0035741329193115234,0.5320226171232494,0.008417129516601562,0.5306908959289484,0.05495500564575195,0.5680742123118264,0.005089759826660156,0.5461388617828399,0.01808023452758789,0.5398036738156652,0.027932167053222656,0.5352567971665517,0.055197954177856445,0.5350855758701417,0.10832524299621582,0.5318799327095742,0.2883188724517822,0.5703771387485426,0.058931827545166016,0.5443391357116846,0.1817457675933838,0.5393023759089534,0.4536020755767822,0.5364791269770351,0.6168639659881592,0.5346736935293328,1.2258751392364502,0.5330442375251632,2.8472650051116943
11,0.5612253604554213,9.393692016601562e-05,0.5992745374354498,7.128715515136719e-05,0.4565901237603427,0.00019216537475585938,0.5326884777203998,9.799003601074219e-05,0.6658605971504997,0.0001270771026611328,0.475614712250357,0.0002269744873046875,0.5498106073614126,0.00010180473327636719,0.5374446248429033,0.00017404556274414062,0.5374446248429033,0.00024390220642089844,0.5326884777203998,0.0003991127014160156,0.5155663480793871,0.0007569789886474609,0.5355421659939019,0.0027358531951904297,0.5625570816497223,0.00047087669372558594,0.5418202801956067,0.0012350082397460938,0.5362080265910525,0.006190061569213867,0.5298347894468978,0.004080057144165039,0.5297396665044476,0.009328126907348633,0.5355421659939019,0.03312087059020996,0.5680837246060715,0.00497889518737793,0.5454064151259744,0.018918991088867188,0.5388619566854095,0.02811598777770996,0.5338489776182908,0.05567789077758789,0.5317562728843891,0.12627410888671875,0.5321748138311694,0.2823941707611084,0.5694449339125319,0.05847001075744629,0.5448918000073195,0.3284029960632324,0.5399520656058874,0.30609703063964844,0.536790178998847,0.5670080184936523,0.5345623996866662,1.209557056427002,0.532815942463283,2.874458074569702
12,0.5612253604554213,6.699562072753906e-05,0.551713066210414,7.081031799316406e-05,0.4946393007403713,9.799003601074219e-05,0.608786831680457,9.989738464355469e-05,0.551713066210414,0.00012683868408203125,0.5041515949853784,0.000225067138671875,0.5669327370024255,0.00010180473327636719,0.5659815075779249,0.00018095970153808594,0.5393470836919048,0.00024080276489257812,0.5612253604554213,0.0004010200500488281,0.5621765898799219,0.0007500648498535156,0.542200771965407,0.0017778873443603516,0.5671229828873257,0.00048422813415527344,0.5393470836919048,0.0011980533599853516,0.5388714689796545,0.0030820369720458984,0.5357324118788022,0.0035719871520996094,0.5350665512816516,0.008428096771240234,0.5380153624976038,0.026999711990356445,0.5688161712629369,0.00536799430847168,0.5453493413605044,0.01815009117126465,0.5430188292704776,0.029624223709106445,0.5345623996866662,0.05606484413146973,0.5335540964966955,0.11081385612487793,0.535608752053617,0.2882351875305176,0.5686963163554499,0.05973076820373535,0.5451524368696328,0.19978094100952148,0.5401052135432319,0.3160719871520996,0.5358389495743463,0.5678229331970215,0.5339507591667123,2.0128400325775146,0.5334380465069064,2.87972092628479
13,0.5231761834753927,6.29425048828125e-05,0.542200771965407,7.200241088867188e-05,0.5612253604554213,7.891654968261719e-05,0.5612253604554213,9.703636169433594e-05,0.5231761834753927,0.0001270771026611328,0.5802499489454356,0.00022482872009277344,0.5926159314639449,0.00010180473327636719,0.5612253604554213,0.00017309188842773438,0.5431520013899077,0.0002372264862060547,0.528883560022397,0.0005471706390380859,0.5317372482958992,0.0007791519165039062,0.5108102009568835,0.0019021034240722656,0.5733059741465804,0.000476837158203125,0.5479081485124112,0.001239776611328125,0.5422958949078571,0.005614042282104492,0.5336397071449006,0.0035119056701660156,0.5402983131164055,0.009019136428833008,0.5251737652668442,0.0251920223236084,0.5692822736809423,0.0068988800048828125,0.5430093169762326,0.018479108810424805,0.5403173377048955,0.0286712646484375,0.5358465594097422,0.05602097511291504,0.5336016579679206,0.11157894134521484,0.5325457933067247,0.299699068069458,0.56958191094966,0.05757784843444824,0.5452076081762538,0.18476486206054688,0.5400557496131579,0.3023679256439209,0.5359987561176623,0.7129850387573242,0.5341210292336979,2.5456907749176025,0.5338375628651968,2.8702480792999268
14,0.542200771965407,6.389617919921875e-05,0.5612253604554213,7.081031799316406e-05,0.5326884777203998,8.130073547363281e-05,0.5326884777203998,0.00011181831359863281,0.4946393007403713,0.000125885009765625,0.551713066210414,0.0002269744873046875,0.5850060960679391,0.00012111663818359375,0.568835195851427,0.00017690658569335938,0.5355421659939019,0.0002570152282714844,0.5174688069283885,0.0004649162292480469,0.5108102009568835,0.0007607936859130859,0.5212737246263913,0.005347013473510742,0.5616058522252216,0.0004570484161376953,0.5455300749511595,0.001190185546875,0.5480983943973115,0.0019063949584960938,0.5380153624976038,0.003693103790283203,0.5300250353317979,0.008856058120727539,0.524983519381944,0.02466893196105957,0.56625736411103,0.01085209846496582,0.5437227390446081,0.01884293556213379,0.5424290670272871,0.039156198501586914,0.5353233832262668,0.07268095016479492,0.5362936372392576,0.11301612854003906,0.5332401907866102,0.283984899520874,0.5697188879867882,0.060572147369384766,0.5450420942563906,0.18635201454162598,0.5395287685119845,0.2996859550476074,0.5358056565444888,0.561607837677002,0.533537925596479,2.947782039642334,0.5325657691246393,4.2461888790130615
15,0.5707376547004284,6.127357482910156e-05,0.5041515949853784,6.985664367675781e-05,0.6182991259254641,8.392333984375e-05,0.551713066210414,9.775161743164062e-05,0.5707376547004284,0.00012874603271484375,0.5041515949853784,0.0002560615539550781,0.5612253604554213,0.0003020763397216797,0.5279323305978963,0.00017523765563964844,0.5450544602389091,0.0002410411834716797,0.5336397071449006,0.00045800209045410156,0.528883560022397,0.0007719993591308594,0.5241274128998935,0.004958152770996094,0.574162080628631,0.0004601478576660156,0.5444837225842087,0.0012359619140625,0.5330689694902001,0.0033652782440185547,0.5343055677420511,0.003557920455932617,0.5347811824543014,0.008440971374511719,0.5271713470582957,0.023414134979248047,0.5693773966233925,0.010736227035522461,0.5434373702172579,0.018146991729736328,0.5403744114703657,0.029346942901611328,0.5366075429493428,0.07190108299255371,0.5317848097671242,0.1124269962310791,0.5345528873924212,0.28505706787109375,0.5693735917056945,0.058547258377075195,0.5439548390241863,0.23095917701721191,0.5391311546125431,0.29187512397766113,0.5360720007833488,0.5674481391906738,0.5337158054988607,2.041292667388916,0.5322870589032606,3.142426013946533
16,0.608786831680457,6.198883056640625e-05,0.551713066210414,7.104873657226562e-05,0.5612253604554213,9.679794311523438e-05,0.5231761834753927,9.512901306152344e-05,0.5612253604554213,0.00012683868408203125,0.5136638892303856,0.00023031234741210938,0.5602741310309205,0.00032782554626464844,0.5241274128998935,0.00017380714416503906,0.542200771965407,0.00024509429931640625,0.5241274128998935,0.0004019737243652344,0.5307860188713984,0.0007791519165039062,0.5450544602389091,0.0030052661895751953,0.5734010970890304,0.00045490264892578125,0.5411544195984561,0.001196146011352539,0.5460056896634098,0.001936197280883789,0.5358275348212522,0.003718852996826172,0.5334494612600004,0.009494781494140625,0.5335445842024504,0.023775815963745117,0.5689588556766121,0.006929874420166016,0.543465907099993,0.01875901222229004,0.5386907353889994,0.028223037719726562,0.5350950881643867,0.05951499938964844,0.5352948463435319,0.10964107513427734,0.5337443423815956,0.2807950973510742,0.5687486339737975,0.05748796463012695,0.5445940651974508,0.18310976028442383,0.5399710901943774,0.2934257984161377,0.5360149270178789,0.5786690711975098,0.5344035443727747,1.1757690906524658,0.5324468654465766,2.862957239151001
17,0.542200771965407,6.198883056640625e-05,0.46610241800534985,7.104873657226562e-05,0.5992745374354498,0.0002079010009765625,0.5136638892303856,9.584426879882812e-05,0.5992745374354498,0.00012612342834472656,0.4565901237603427,0.0002257823944091797,0.5536155250594155,0.00013375282287597656,0.5222249540508921,0.00016999244689941406,0.5326884777203998,0.00023603439331054688,0.5460056896634098,0.00045418739318847656,0.5307860188713984,0.0007719993591308594,0.5298347894468978,0.001817941665649414,0.5672181058297758,0.00045180320739746094,0.5375397477853535,0.0011990070343017578,0.5463861814332102,0.0019130706787109375,0.5322128630081495,0.003831624984741211,0.5300250353317979,0.008497953414916992,0.5347811824543014,0.023669958114624023,0.5707091178176934,0.00516200065612793,0.5437988373985682,0.018249034881591797,0.538215120676749,0.02929997444152832,0.5338299530298007,0.053503990173339844,0.5340677603859258,0.11436796188354492,0.5341248341513959,0.2881767749786377,0.5700784527092494,0.05890798568725586,0.5443010865347047,0.18058276176452637,0.5392662291908222,0.3929920196533203,0.5362080265910525,0.5670080184936523,0.5343873734725582,1.1031289100646973,0.5327265268973799,4.420852184295654
18,0.5612253604554213,6.103515625e-05,0.5041515949853784,7.104873657226562e-05,0.5897622431904427,0.0003600120544433594,0.5707376547004284,9.989738464355469e-05,0.551713066210414,0.00012683868408203125,0.46610241800534985,0.0002238750457763672,0.548859377936912,0.00011491775512695312,0.575493801822932,0.00017309188842773438,0.5345909365694014,0.00023818016052246094,0.5146151186548863,0.0004253387451171875,0.5298347894468978,0.0007541179656982422,0.5307860188713984,0.0018482208251953125,0.5598936392611202,0.0005357265472412109,0.5415349113682565,0.0011909008026123047,0.5410592966560062,0.0038270950317382812,0.5296445435619975,0.0036818981170654297,0.54619593554831,0.01388692855834961,0.5318323712383493,0.02389812469482422,0.5671800566527958,0.004930973052978516,0.5443981119360036,0.01900005340576172,0.5392234238667197,0.029232025146484375,0.5374921863141285,0.05581998825073242,0.5357419241730471,0.13518500328063965,0.5316896868246741,0.28981494903564453,0.5694125921120989,0.056672096252441406,0.5443153549760721,0.19138407707214355,0.5392833513204633,0.7614238262176514,0.5367521298218669,0.5656428337097168,0.5335198522374135,1.254746913909912,0.532196692107933,4.294744253158569
19,0.6753728913955069,5.91278076171875e-05,0.409028652535307,0.0001373291015625,0.5802499489454356,0.00018906593322753906,0.551713066210414,9.489059448242188e-05,0.4946393007403713,0.00012922286987304688,0.4946393007403713,0.0002300739288330078,0.5916647020394441,0.00011897087097167969,0.542200771965407,0.00017309188842773438,0.5317372482958992,0.00023484230041503906,0.5307860188713984,0.0004050731658935547,0.5621765898799219,0.0007748603820800781,0.5060540538343798,0.0036580562591552734,0.5767304000747828,0.0004658699035644531,0.5492398697067123,0.0012989044189453125,0.5359226577637023,0.002173185348510742,0.5282176994252465,0.004083871841430664,0.5422958949078571,0.012986898422241211,0.5332592153751002,0.02215099334716797,0.5685403147298318,0.0048792362213134766,0.5452542184180543,0.018117904663085938,0.5412400302466612,0.028348922729492188,0.5351997234010818,0.05635881423950195,0.5332877522578353,0.11729288101196289,0.5322984736563546,0.3156099319458008,0.5692451757333868,0.05878400802612305,0.5441660119564254,0.19970989227294922,0.540190824191437,0.631756067276001,0.5358674864570813,0.5715079307556152,0.5334760956838864,1.3966939449310303,0.5331193846496987,3.986182928085327
20,0.608786831680457,6.008148193359375e-05,0.42805324102532133,7.700920104980469e-05,0.5897622431904427,0.000141143798828125,0.4946393007403713,9.441375732421875e-05,0.542200771965407,0.00012803077697753906,0.5136638892303856,0.0002257823944091797,0.5992745374354498,0.00010228157043457031,0.5298347894468978,0.00017309188842773438,0.5498106073614126,0.00023698806762695312,0.5450544602389091,0.0004189014434814453,0.508907742107882,0.0007681846618652344,0.5203224952018906,0.00249481201171875,0.5680742123118264,0.0004668235778808594,0.544864214354009,0.0012221336364746094,0.5458154437785097,0.002009868621826172,0.5387763460372045,0.003582000732421875,0.5282176994252465,0.014256000518798828,0.5295494206195475,0.02270793914794922,0.5724879168415098,0.005018949508666992,0.5439985955777134,0.018558979034423828,0.5405931942380008,0.028184890747070312,0.535551678288147,0.0686800479888916,0.5321748138311694,0.11266875267028809,0.5346194734521363,0.2806572914123535,0.5683281905681681,0.05866503715515137,0.5448975073838664,0.17914795875549316,0.5396181840778876,0.46581292152404785,0.5354441893631784,0.5581519603729248,0.5339298321193733,1.6081600189208984,0.5332915571755332,3.6293530464172363
21,0.542200771965407,6.103515625e-05,0.5802499489454356,7.200241088867188e-05,0.5612253604554213,0.00011014938354492188,0.5707376547004284,9.512901306152344e-05,0.608786831680457,0.0001270771026611328,0.5612253604554213,0.0002391338348388672,0.548859377936912,0.00010395050048828125,0.5402983131164055,0.0001728534698486328,0.5650302781534241,0.00028514862060546875,0.5479081485124112,0.0004417896270751953,0.5583716721819191,0.0007529258728027344,0.5317372482958992,0.0018763542175292969,0.567503474657126,0.00045299530029296875,0.5480032714548613,0.0011949539184570312,0.5371592560155531,0.0038878917694091797,0.5443885996417587,0.0036399364471435547,0.5366836413033029,0.01460576057434082,0.5331640924326502,0.022207975387573242,0.5689208064996321,0.004857063293457031,0.545006898767684,0.01834416389465332,0.5399463582293402,0.028551340103149414,0.5337443423815956,0.05642509460449219,0.5322509121851295,0.11065816879272461,0.5338775145010257,0.2895238399505615,0.5692946396634608,0.05769681930541992,0.5444038193125507,0.18617725372314453,0.5394288894224119,0.41614317893981934,0.535515531570016,0.5741002559661865,0.534122931692547,1.5815699100494385,0.5328149912338584,3.153046131134033
22,0.4946393007403713,5.888938903808594e-05,0.4946393007403713,7.295608520507812e-05,0.5231761834753927,7.987022399902344e-05,0.41854094678031417,9.417533874511719e-05,0.608786831680457,0.000125885009765625,0.6182991259254641,0.0002300739288330078,0.5802499489454356,0.00017833709716796875,0.5412495425409062,0.00030684471130371094,0.5564692133329177,0.00025391578674316406,0.5326884777203998,0.00040912628173828125,0.5108102009568835,0.0007448196411132812,0.5269811011733956,0.0018072128295898438,0.5646497863836238,0.00046181678771972656,0.5397275754617051,0.0013151168823242188,0.5365885183608529,0.0019450187683105469,0.5271713470582957,0.003603219985961914,0.5320226171232494,0.011209964752197266,0.524983519381944,0.034958839416503906,0.5666093189980953,0.00487518310546875,0.543503956276973,0.018107891082763672,0.5403744114703657,0.027975082397460938,0.5358750962924772,0.05531191825866699,0.5333828752002854,0.1171579360961914,0.531680174530429,0.28755617141723633,0.5691386380378427,0.05819821357727051,0.544222134492471,0.18163418769836426,0.5404248266298641,0.2950260639190674,0.5361909044614115,0.5563900470733643,0.5345110332977432,1.5810596942901611,0.5333990461005019,2.899585008621216
23,0.5612253604554213,6.103515625e-05,0.5897622431904427,7.033348083496094e-05,0.608786831680457,8.225440979003906e-05,0.5326884777203998,0.00011992454528808594,0.5612253604554213,0.0001270771026611328,0.4470778295153356,0.00022721290588378906,0.5507618367859134,0.00011682510375976562,0.5612253604554213,0.00021982192993164062,0.5431520013899077,0.0003521442413330078,0.5317372482958992,0.0004019737243652344,0.5355421659939019,0.0007669925689697266,0.5602741310309205,0.0019850730895996094,0.5656010158081246,0.0005037784576416016,0.5482886402822116,0.002337932586669922,0.5393470836919048,0.0020558834075927734,0.5363031495335026,0.003640890121459961,0.5422958949078571,0.008766889572143555,0.5262201176337951,0.0455167293548584,0.5706996055234484,0.004878997802734375,0.5464813043756602,0.017882108688354492,0.5418963785495667,0.027812957763671875,0.5369880347191431,0.05587577819824219,0.535513629111167,0.1119537353515625,0.5346289857463813,0.3117697238922119,0.568785731921353,0.05897808074951172,0.5442554275223286,0.17848920822143555,0.5395049877763719,0.3416130542755127,0.5359997073470868,0.5634510517120361,0.5340515894857093,1.4896509647369385,0.5337300739402281,2.8094520568847656
24,0.5897622431904427,6.198883056640625e-05,0.5897622431904427,7.104873657226562e-05,0.5897622431904427,7.605552673339844e-05,0.542200771965407,9.894371032714844e-05,0.6278114201704713,0.0001270771026611328,0.475614712250357,0.00022792816162109375,0.5621765898799219,0.00010919570922851562,0.5850060960679391,0.00017404556274414062,0.5241274128998935,0.00026798248291015625,0.5222249540508921,0.0004048347473144531,0.5545667544839162,0.0007450580596923828,0.5326884777203998,0.0028128623962402344,0.5693108105636774,0.00055694580078125,0.5474325338001609,0.0012230873107910156,0.5297396665044476,0.0021560192108154297,0.5344958136269512,0.0035300254821777344,0.5334494612600004,0.008893966674804688,0.5390617148645546,0.03368878364562988,0.5709754620565536,0.004843950271606445,0.543503956276973,0.017594099044799805,0.5391283009242697,0.04537200927734375,0.5343816660960111,0.054180145263671875,0.5346860595118514,0.1147756576538086,0.5321367646541895,0.2788388729095459,0.5691281745141732,0.059217214584350586,0.5445740893795362,0.18314385414123535,0.5395078414646455,0.42835307121276855,0.5357324118788022,0.5538349151611328,0.5344444472380281,1.4667000770568848,0.5327598199272374,3.011545181274414
25,0.5897622431904427,6.103515625e-05,0.542200771965407,9.298324584960938e-05,0.5707376547004284,7.987022399902344e-05,0.5612253604554213,9.584426879882812e-05,0.608786831680457,0.00013113021850585938,0.5707376547004284,0.00022912025451660156,0.5583716721819191,0.0001049041748046875,0.5260298717488949,0.0002357959747314453,0.555517983908417,0.00024700164794921875,0.5260298717488949,0.00047087669372558594,0.5184200363528891,0.0013718605041503906,0.5669327370024255,0.001966714859008789,0.5667424911175254,0.0004749298095703125,0.5352567971665517,0.0012269020080566406,0.5447690914115589,0.003183126449584961,0.5376348707278036,0.003614187240600586,0.5384909772098543,0.009339332580566406,0.5305006500440482,0.024059772491455078,0.5707757038774085,0.005380868911743164,0.5446168947036388,0.017956018447875977,0.5371021822500832,0.03776717185974121,0.535570702876637,0.05402183532714844,0.5331926293153852,0.12656784057617188,0.5337348300873507,0.29970502853393555,0.569580008490811,0.0592191219329834,0.544239256622112,0.17827606201171875,0.538904762009512,0.4316279888153076,0.5357171922080102,0.6063888072967529,0.5344625205970936,1.3467378616333008,0.5334038022476244,2.759246826171875
26,0.6278114201704713,6.079673767089844e-05,0.5326884777203998,8.296966552734375e-05,0.5326884777203998,8.797645568847656e-05,0.5612253604554213,0.00010585784912109375,0.6468360086604856,0.00013709068298339844,0.5231761834753927,0.00033783912658691406,0.5831036372189377,0.00010514259338378906,0.5612253604554213,0.00019407272338867188,0.5412495425409062,0.000240325927734375,0.5260298717488949,0.0005629062652587891,0.5364933954184027,0.0008187294006347656,0.5146151186548863,0.0017957687377929688,0.5695010564485775,0.0004889965057373047,0.5313567565260988,0.0014791488647460938,0.538300731324954,0.0031211376190185547,0.547527656742611,0.0036432743072509766,0.5322128630081495,0.009736061096191406,0.536778764245753,0.023720979690551758,0.5699956957493179,0.0050809383392333984,0.5440556693431834,0.017636775970458984,0.5397466000501951,0.03224921226501465,0.5357609487615371,0.06677508354187012,0.534210444799601,0.11065912246704102,0.5331545801384052,0.2796158790588379,0.5687543413503444,0.0586237907409668,0.5447053590401173,0.17966485023498535,0.5400443348600639,0.43350720405578613,0.5362631978976735,0.5681629180908203,0.5334361440480574,1.3274357318878174,0.5334294854420859,2.7488420009613037
27,0.6373237144154784,8.487701416015625e-05,0.551713066210414,7.081031799316406e-05,0.5231761834753927,7.891654968261719e-05,0.6278114201704713,9.489059448242188e-05,0.5231761834753927,0.00013208389282226562,0.4565901237603427,0.00023293495178222656,0.5460056896634098,0.0001010894775390625,0.5412495425409062,0.00018596649169921875,0.542200771965407,0.00023984909057617188,0.5507618367859134,0.0005688667297363281,0.5374446248429033,0.0008559226989746094,0.5574204427574184,0.0017726421356201172,0.5707376547004284,0.00047206878662109375,0.5545667544839162,0.0013370513916015625,0.5362080265910525,0.0030629634857177734,0.5292640517921973,0.003549814224243164,0.5339250759722508,0.008997917175292969,0.5340201989147009,0.022652149200439453,0.5662859009937651,0.005372047424316406,0.5437132267503632,0.01790785789489746,0.5395278172825599,0.028658151626586914,0.5358846085867223,0.05582594871520996,0.5331640924326502,0.11310219764709473,0.5325362810124797,0.2899651527404785,0.5701926002401896,0.0575709342956543,0.5445636258558667,0.18426799774169922,0.5396334037486796,0.412017822265625,0.5357780708911781,0.5476539134979248,0.53421234725845,1.2517502307891846,0.5336986833692196,2.7417070865631104
28,0.5231761834753927,0.0002219676971435547,0.5802499489454356,7.128715515136719e-05,0.48512700649536417,7.700920104980469e-05,0.551713066210414,9.393692016601562e-05,0.5707376547004284,0.00019216537475585938,0.48512700649536417,0.00022912025451660156,0.5536155250594155,0.00010228157043457031,0.5060540538343798,0.00019097328186035156,0.5431520013899077,0.0003159046173095703,0.5536155250594155,0.0004317760467529297,0.5336397071449006,0.0007610321044921875,0.5450544602389091,0.0019519329071044922,0.5748279412257814,0.00046515464782714844,0.5466715502605604,0.001194000244140625,0.5494301155916124,0.002702951431274414,0.5351616742241017,0.003535032272338867,0.5374446248429033,0.009788274765014648,0.5379202395551538,0.02295708656311035,0.5708803391141035,0.005241870880126953,0.5474230215059158,0.017688274383544922,0.5405456327667757,0.029081106185913086,0.5365409568896278,0.05572104454040527,0.5352377725780617,0.12353825569152832,0.5322413998908845,0.28974080085754395,0.5689217577290566,0.059120893478393555,0.5439833759069214,0.17705225944519043,0.5401889217325879,0.44174790382385254,0.5363183692042945,0.5485959053039551,0.5332097514450262,1.392651081085205,0.5332639715222228,2.7555959224700928
29,0.5136638892303856,8.821487426757812e-05,0.6182991259254641,7.128715515136719e-05,0.5897622431904427,7.891654968261719e-05,0.5041515949853784,0.00011110305786132812,0.551713066210414,0.00014519691467285156,0.4946393007403713,0.00022482872009277344,0.5583716721819191,0.00022602081298828125,0.5345909365694014,0.00022292137145996094,0.5441032308144084,0.0002918243408203125,0.5051028244098792,0.0004668235778808594,0.5279323305978963,0.0009121894836425781,0.5355421659939019,0.0019469261169433594,0.5629375734195226,0.0004699230194091797,0.5473374108577108,0.0012679100036621094,0.5426763866776574,0.0029218196868896484,0.5333543383175503,0.0035610198974609375,0.5333543383175503,0.00963592529296875,0.5325933547779498,0.022138118743896484,0.5685308024355867,0.00499415397644043,0.5457964191900196,0.02280592918395996,0.5380058502033589,0.028232097625732422,0.5359416823521923,0.05604982376098633,0.5341819079168659,0.1257798671722412,0.5337062932046156,0.2831878662109375,0.5693812015410904,0.058814048767089844,0.5450173622913537,0.18231892585754395,0.5399634803589813,0.4454340934753418,0.534816377943008,0.5591919422149658,0.533549340349573,1.3281939029693604,0.5332278248040918,2.7527637481689453
30,0.5992745374354498,7.200241088867188e-05,0.5136638892303856,7.700920104980469e-05,0.5136638892303856,7.796287536621094e-05,0.5897622431904427,9.703636169433594e-05,0.5041515949853784,0.0001289844512939453,0.46610241800534985,0.0002238750457763672,0.5697864252759277,0.000110626220703125,0.5650302781534241,0.00019812583923339844,0.5460056896634098,0.00027108192443847656,0.5374446248429033,0.00047779083251953125,0.5250786423243942,0.000766754150390625,0.5383958542674041,0.0020749568939208984,0.5736864659163806,0.0004680156707763672,0.5478130255699611,0.0011980533599853516,0.5403934360588557,0.0030639171600341797,0.5331640924326502,0.003656148910522461,0.5319274941807993,0.009485006332397461,0.5366836413033029,0.02319788932800293,0.5692632490924523,0.005372047424316406,0.5433993210402779,0.04103493690490723,0.5399748951120754,0.029209136962890625,0.5370355961903681,0.05450582504272461,0.5327836006628499,0.11321496963500977,0.5352377725780617,0.28993892669677734,0.5703752362896937,0.06031632423400879,0.5450373381092681,0.1785879135131836,0.5404248266298641,0.3559389114379883,0.5358132663798847,0.6594281196594238,0.5339089050720343,1.4210479259490967,0.5339945157202394,2.7813820838928223
31,0.5802499489454356,6.818771362304688e-05,0.5612253604554213,7.224082946777344e-05,0.5326884777203998,7.700920104980469e-05,0.5136638892303856,9.393692016601562e-05,0.5326884777203998,0.00012612342834472656,0.5326884777203998,0.00022602081298828125,0.5697864252759277,0.0001010894775390625,0.5383958542674041,0.0001850128173828125,0.5507618367859134,0.00036597251892089844,0.548859377936912,0.0004076957702636719,0.5383958542674041,0.0007581710815429688,0.5393470836919048,0.0019731521606445312,0.5680742123118264,0.0005021095275878906,0.5412495425409062,0.0012140274047851562,0.5491447467642623,0.002780914306640625,0.5381104854400539,0.008502721786499023,0.5380153624976038,0.009333133697509766,0.5333543383175503,0.02232503890991211,0.5625951308267023,0.005280971527099609,0.5439129849295082,0.019244909286499023,0.5398987967581153,0.028684139251708984,0.5383292682076891,0.05623793601989746,0.5343245923305411,0.1133272647857666,0.5355992397593721,0.28278398513793945,0.5700461109088163,0.05854487419128418,0.5440642304080039,0.17972373962402344,0.5399235287231523,0.43734288215637207,0.5366199089318613,0.6743340492248535,0.5349048422794865,1.288316011428833,0.5334532661776984,2.8198819160461426
32,0.5992745374354498,7.867813110351562e-05,0.5707376547004284,7.104873657226562e-05,0.5136638892303856,8.416175842285156e-05,0.42805324102532133,9.393692016601562e-05,0.475614712250357,0.0001289844512939453,0.4470778295153356,0.00022602081298828125,0.551713066210414,0.00011014938354492188,0.5298347894468978,0.0001838207244873047,0.5383958542674041,0.00028896331787109375,0.5526642956349148,0.00040984153747558594,0.5326884777203998,0.0007498264312744141,0.5250786423243942,0.001905202865600586,0.5621765898799219,0.0005400180816650391,0.5415349113682565,0.0012700557708740234,0.5384909772098543,0.002986907958984375,0.5432471243323578,0.00605320930480957,0.540773927828656,0.009282827377319336,0.5332592153751002,0.023346900939941406,0.5673512779492058,0.0050470829010009766,0.5424576039100222,0.018219947814941406,0.5394041574573749,0.02987217903137207,0.5359131454694572,0.055644989013671875,0.5339536128549858,0.1381821632385254,0.5334209243772654,0.2920711040496826,0.5698853531360757,0.05693507194519043,0.5447110664166643,0.18076014518737793,0.5396105742424916,0.4564180374145508,0.5357523876967166,0.6501858234405518,0.5337348300873507,1.2510137557983398,0.5335341206787809,2.7553188800811768
33,0.6658605971504997,6.29425048828125e-05,0.46610241800534985,0.00012421607971191406,0.5136638892303856,7.915496826171875e-05,0.5612253604554213,9.393692016601562e-05,0.608786831680457,0.00012922286987304688,0.5326884777203998,0.00022721290588378906,0.5735913429739306,0.00012373924255371094,0.5450544602389091,0.0001819133758544922,0.528883560022397,0.000240325927734375,0.5450544602389091,0.00041103363037109375,0.5536155250594155,0.0007801055908203125,0.5326884777203998,0.0033550262451171875,0.5751133100531317,0.0004730224609375,0.5406788048862059,0.0011920928955078125,0.538205608382504,0.001947164535522461,0.5389665919221046,0.003818988800048828,0.5397275754617051,0.0180051326751709,0.5318323712383493,0.022350072860717773,0.5703571629306281,0.0049970149993896484,0.5449783618849491,0.01764225959777832,0.5401746532912205,0.038197994232177734,0.5334494612600004,0.05754685401916504,0.5336206825564106,0.1252450942993164,0.532907260488035,0.30475902557373047,0.5693707380174209,0.05876302719116211,0.5451086803161057,0.17852520942687988,0.5396172328484631,0.4669623374938965,0.5364686634533656,0.6961820125579834,0.5347783287660278,1.3997349739074707,0.5331717022680462,2.743878126144409
34,0.5897622431904427,6.103515625e-05,0.5802499489454356,9.703636169433594e-05,0.542200771965407,7.700920104980469e-05,0.5707376547004284,9.608268737792969e-05,0.5802499489454356,0.00012803077697753906,0.551713066210414,0.00023674964904785156,0.6002257668599505,0.0005650520324707031,0.5393470836919048,0.00018477439880371094,0.5441032308144084,0.00024199485778808594,0.5574204427574184,0.0004239082336425781,0.5355421659939019,0.0007669925689697266,0.5593229016064198,0.00421595573425293,0.5717840070673792,0.00046896934509277344,0.5456251978936095,0.001196146011352539,0.5412495425409062,0.0018618106842041016,0.5433422472748078,0.0036149024963378906,0.5274567158856459,0.014177083969116211,0.5324982318354997,0.0233919620513916,0.5717079087134191,0.004826068878173828,0.5472422879152607,0.018229007720947266,0.5410212474790261,0.02837085723876953,0.5373685264889433,0.05432009696960449,0.5338775145010257,0.11525607109069824,0.5332021416096303,0.29607510566711426,0.569599033079301,0.05804610252380371,0.5451762176052452,0.17972612380981445,0.5400833352664683,0.4379429817199707,0.5365856646725793,0.8218529224395752,0.5337538546758406,1.4517340660095215,0.5328245035281034,2.7418360710144043
35,0.5992745374354498,6.103515625e-05,0.6182991259254641,0.0002219676971435547,0.551713066210414,7.82012939453125e-05,0.5231761834753927,9.393692016601562e-05,0.46610241800534985,0.00012993812561035156,0.6182991259254641,0.0002448558807373047,0.5850060960679391,0.00020313262939453125,0.5307860188713984,0.000225067138671875,0.5231761834753927,0.00024509429931640625,0.5222249540508921,0.0004398822784423828,0.5117614303813842,0.00078582763671875,0.5307860188713984,0.0018689632415771484,0.5619863439950218,0.000820159912109375,0.547527656742611,0.0027070045471191406,0.5444837225842087,0.0032601356506347656,0.5328787236053,0.0037131309509277344,0.5402031901739555,0.009527921676635742,0.5405836819437558,0.024724960327148438,0.5678554295441912,0.00539088249206543,0.5444361611129837,0.01789689064025879,0.5385765878580593,0.0283200740814209,0.5396800139904802,0.056017160415649414,0.5352187479895718,0.11125707626342773,0.5323079859505996,0.2812340259552002,0.5693621769526004,0.059942007064819336,0.5450753872862482,0.18097615242004395,0.5398474303691922,0.38294506072998047,0.535620166806711,0.825721263885498,0.5337957087705186,1.5588181018829346,0.5333819239708609,2.750922918319702
36,0.5612253604554213,6.103515625e-05,0.6182991259254641,9.083747863769531e-05,0.4470778295153356,7.700920104980469e-05,0.48512700649536417,0.00013685226440429688,0.475614712250357,0.00012874603271484375,0.5326884777203998,0.00024318695068359375,0.5840548666434384,0.00010704994201660156,0.5612253604554213,0.0001800060272216797,0.551713066210414,0.00023794174194335938,0.5279323305978963,0.00044918060302734375,0.551713066210414,0.0008387565612792969,0.548859377936912,0.0018291473388671875,0.5707376547004284,0.0004649162292480469,0.5400129442890553,0.001230001449584961,0.5562789674480175,0.002490997314453125,0.5376348707278036,0.0035059452056884766,0.5345909365694014,0.009867191314697266,0.5356372889363521,0.022617816925048828,0.5707661915831634,0.00499415397644043,0.5438654234582833,0.018221139907836914,0.5419249154323018,0.02762603759765625,0.534277030859316,0.05488777160644531,0.5338109284413107,0.11804986000061035,0.5334589735542454,0.29294490814208984,0.5698064010938423,0.05761885643005371,0.5456993937887207,0.17708683013916016,0.5403477770464796,0.39612483978271484,0.53691764374173,0.7535061836242676,0.5341115169394529,1.4879179000854492,0.5327407953387474,2.763662099838257
37,0.46610241800534985,6.818771362304688e-05,0.5136638892303856,7.915496826171875e-05,0.5802499489454356,8.296966552734375e-05,0.542200771965407,0.00011229515075683594,0.5326884777203998,0.00012803077697753906,0.5136638892303856,0.0002319812774658203,0.5983233080109491,0.00011920928955078125,0.5165175775038877,0.00017189979553222656,0.5431520013899077,0.00023794174194335938,0.528883560022397,0.00040602684020996094,0.5269811011733956,0.0008761882781982422,0.5212737246263913,0.0026161670684814453,0.5725449906069797,0.0004620552062988281,0.5474325338001609,0.0012068748474121094,0.5359226577637023,0.001966714859008789,0.5406788048862059,0.003534078598022461,0.5356372889363521,0.009335994720458984,0.5264103635186952,0.02307271957397461,0.5703571629306281,0.0053920745849609375,0.5431234645071726,0.018234968185424805,0.5390617148645546,0.028149127960205078,0.5353614324032469,0.055640220642089844,0.5336301948506555,0.11661815643310547,0.5308526049311134,0.28760814666748047,0.5697512297872211,0.06125211715698242,0.544858506977462,0.18181896209716797,0.5394041574573749,0.39610886573791504,0.535675338113332,0.8628237247467041,0.5337700255760571,1.4065330028533936,0.5330851403904167,2.807184934616089
38,0.5612253604554213,6.079673767089844e-05,0.551713066210414,0.00010418891906738281,0.5992745374354498,0.0003719329833984375,0.48512700649536417,9.489059448242188e-05,0.608786831680457,0.00013017654418945312,0.5041515949853784,0.00024008750915527344,0.555517983908417,0.0001049041748046875,0.5507618367859134,0.00017023086547851562,0.5402983131164055,0.0002391338348388672,0.5469569190879106,0.0003991127014160156,0.5678839664269263,0.0008070468902587891,0.5450544602389091,0.002226114273071289,0.5697864252759277,0.0004699230194091797,0.5474325338001609,0.0012011528015136719,0.5397275754617051,0.002257823944091797,0.5323079859505996,0.0035889148712158203,0.5309762647562986,0.009184837341308594,0.5363982724759526,0.02240896224975586,0.5683025073737066,0.005177974700927734,0.5465288658468852,0.0179288387298584,0.5420010137862619,0.02811908721923828,0.535380456991737,0.05577993392944336,0.5313852934088338,0.13545513153076172,0.5318418835325942,0.29828977584838867,0.5690368564894212,0.0679781436920166,0.5445208205317642,0.17897582054138184,0.5393927427042808,0.3998708724975586,0.5355792639414575,0.7405591011047363,0.5341238829219714,1.4606688022613525,0.5328168936927075,2.7555952072143555
39,0.551713066210414,6.008148193359375e-05,0.551713066210414,7.915496826171875e-05,0.4946393007403713,0.0001590251922607422,0.48512700649536417,9.322166442871094e-05,0.551713066210414,0.00012993812561035156,0.46610241800534985,0.0002276897430419922,0.5840548666434384,0.00013017654418945312,0.5726401135494298,0.0003590583801269531,0.5479081485124112,0.0002377033233642578,0.5326884777203998,0.00047898292541503906,0.5345909365694014,0.0007650852203369141,0.528883560022397,0.0019218921661376953,0.5704522858730782,0.0004680156707763672,0.5494301155916124,0.0012080669403076172,0.5357324118788022,0.0018360614776611328,0.5410592966560062,0.0037512779235839844,0.5350665512816516,0.009697914123535156,0.5348763053967515,0.02293682098388672,0.5673417656549609,0.005087137222290039,0.5453493413605044,0.017579078674316406,0.5377109690817636,0.028116941452026367,0.5373875510774334,0.06652593612670898,0.5349809406334466,0.12042999267578125,0.5316326130592041,0.2855708599090576,0.5698549137944918,0.06265401840209961,0.5438996677175653,0.17673206329345703,0.5392643267319733,0.2859001159667969,0.5362099290499015,0.6607789993286133,0.5341752493108946,1.50801420211792,0.5327179658325594,2.747135877609253
40,0.6182991259254641,6.079673767089844e-05,0.5707376547004284,7.486343383789062e-05,0.5041515949853784,0.00023603439331054688,0.5136638892303856,0.00010275840759277344,0.5326884777203998,0.00012636184692382812,0.608786831680457,0.0002269744873046875,0.5583716721819191,0.00010704994201660156,0.5364933954184027,0.00037407875061035156,0.5326884777203998,0.00023818016052246094,0.5307860188713984,0.0004067420959472656,0.5298347894468978,0.0007748603820800781,0.5127126598058849,0.0018498897552490234,0.5782523671539841,0.00046181678771972656,0.5460056896634098,0.001219034194946289,0.5400129442890553,0.0018508434295654297,0.5361129036486024,0.012449026107788086,0.5278372076554462,0.008909940719604492,0.531642125353449,0.02210712432861328,0.5681693352542765,0.005251169204711914,0.5450259233561741,0.0180051326751709,0.5403458745876306,0.028297901153564453,0.5364838831241577,0.056478261947631836,0.5327360391916249,0.12053513526916504,0.5312235844066687,0.28249406814575195,0.5691167597610792,0.057708024978637695,0.544856604518613,0.17989683151245117,0.5386117833467658,0.36135411262512207,0.5357904368736967,0.7274219989776611,0.534086784974416,1.5196318626403809,0.5330442375251632,2.743642807006836
41,0.5231761834753927,0.00010585784912109375,0.542200771965407,7.605552673339844e-05,0.542200771965407,9.298324584960938e-05,0.475614712250357,0.0001049041748046875,0.5992745374354498,0.0001270771026611328,0.5897622431904427,0.00026297569274902344,0.5792987195209348,0.000102996826171875,0.5383958542674041,0.0001800060272216797,0.5545667544839162,0.0005581378936767578,0.5241274128998935,0.0004017353057861328,0.5203224952018906,0.0008780956268310547,0.508907742107882,0.0018181800842285156,0.5732108512041303,0.00046706199645996094,0.5440081078719583,0.0013141632080078125,0.5323079859505996,0.001981019973754883,0.5380153624976038,0.007425069808959961,0.5371592560155531,0.009596109390258789,0.5296445435619975,0.022586822509765625,0.5685878762010569,0.010972023010253906,0.546205447842555,0.01738286018371582,0.5397275754617051,0.028751850128173828,0.5351711865183467,0.054837942123413086,0.5366360798320778,0.1300971508026123,0.534153371034131,0.28368115425109863,0.5695162761193695,0.06013298034667969,0.5445636258558667,0.17545080184936523,0.5399863098651693,0.392672061920166,0.5364591511591207,0.6456308364868164,0.5339640763786553,1.5818660259246826,0.5338565874536867,2.7922401428222656
42,0.475614712250357,6.794929504394531e-05,0.5707376547004284,0.00010514259338378906,0.551713066210414,8.511543273925781e-05,0.5612253604554213,9.584426879882812e-05,0.5897622431904427,0.0001270771026611328,0.542200771965407,0.0002276897430419922,0.5726401135494298,0.00010204315185546875,0.5593229016064198,0.00017523765563964844,0.5735913429739306,0.0002639293670654297,0.5460056896634098,0.00043010711669921875,0.5184200363528891,0.0007500648498535156,0.5203224952018906,0.0017588138580322266,0.5663619993477251,0.0004627704620361328,0.544864214354009,0.0011980533599853516,0.5344958136269512,0.0018990039825439453,0.5293591747346473,0.005321979522705078,0.5293591747346473,0.009730815887451172,0.5339250759722508,0.03470897674560547,0.5726115766666948,0.013263940811157227,0.5463671568447201,0.01748490333557129,0.5408214892998809,0.02916407585144043,0.5348667931025064,0.055502891540527344,0.5352948463435319,0.14145207405090332,0.534277030859316,0.28807592391967773,0.5699272072307539,0.05779409408569336,0.5448737266482541,0.18812012672424316,0.5401366041142404,0.37844014167785645,0.5354613114928195,0.5636160373687744,0.53417429808147,1.5214159488677979,0.5331422141558867,2.771409749984741
43,0.6182991259254641,6.127357482910156e-05,0.5326884777203998,0.0001049041748046875,0.4565901237603427,7.891654968261719e-05,0.48512700649536417,9.703636169433594e-05,0.5041515949853784,0.0001289844512939453,0.5802499489454356,0.00022792816162109375,0.5697864252759277,0.00010085105895996094,0.5431520013899077,0.0001728534698486328,0.5146151186548863,0.0002377033233642578,0.5203224952018906,0.0004119873046875,0.5079565126833813,0.0007522106170654297,0.5212737246263913,0.0017731189727783203,0.5596082704337701,0.0004649162292480469,0.5394422066343549,0.0012428760528564453,0.5419154031380568,0.0018277168273925781,0.5291689288497472,0.0036840438842773438,0.5294542976770974,0.010632038116455078,0.5418202801956067,0.023604154586791992,0.5684737286701167,0.009531021118164062,0.5450164110619291,0.01813197135925293,0.539594403342275,0.047179222106933594,0.536940473247918,0.05539202690124512,0.5337158054988607,0.12419605255126953,0.5307384574001733,0.2852051258087158,0.5692280536037457,0.059085845947265625,0.5450097524559576,0.18633699417114258,0.540143262720212,0.45154380798339844,0.5367454712158954,0.5963859558105469,0.5337148542694361,1.1877472400665283,0.5329938223656645,2.7551558017730713
44,0.5897622431904427,5.984306335449219e-05,0.542200771965407,0.0011448860168457031,0.48512700649536417,7.82012939453125e-05,0.551713066210414,9.489059448242188e-05,0.5136638892303856,0.0001270771026611328,0.5992745374354498,0.0002238750457763672,0.5745425723984312,0.00010013580322265625,0.5279323305978963,0.0001850128173828125,0.5402983131164055,0.0002391338348388672,0.5269811011733956,0.0004029273986816406,0.5412495425409062,0.0007529258728027344,0.5307860188713984,0.0018889904022216797,0.5706425317579783,0.0004611015319824219,0.5480983943973115,0.0012018680572509766,0.5553277380235169,0.0021178722381591797,0.5403934360588557,0.0035088062286376953,0.5353519201090018,0.009715080261230469,0.5330689694902001,0.022063255310058594,0.5718505931270942,0.005002021789550781,0.5465003289641502,0.01737499237060547,0.5398036738156652,0.029584169387817383,0.5361129036486024,0.05507469177246094,0.5355611905823919,0.11635923385620117,0.534105809562906,0.2831690311431885,0.56952483718419,0.05854368209838867,0.5449241418077525,0.18578124046325684,0.5397989176685426,0.29819393157958984,0.5354508479691499,0.579138994216919,0.5343445681484557,1.5097956657409668,0.5333648018412198,2.831007957458496
45,0.542200771965407,6.222724914550781e-05,0.5992745374354498,0.00015091896057128906,0.5897622431904427,0.0001499652862548828,0.6468360086604856,0.0001289844512939453,0.5041515949853784,0.0001277923583984375,0.551713066210414,0.00022602081298828125,0.5792987195209348,0.00014066696166992188,0.5745425723984312,0.00017499923706054688,0.5431520013899077,0.00023889541625976562,0.528883560022397,0.0004239082336425781,0.5583716721819191,0.0007901191711425781,0.5507618367859134,0.0018157958984375,0.5653156469807744,0.0004711151123046875,0.5523789268075646,0.0012769699096679688,0.5306908959289484,0.0018749237060546875,0.5270762241158456,0.0035080909729003906,0.531642125353449,0.009415149688720703,0.5487642549944619,0.02218317985534668,0.5716793718306842,0.009313106536865234,0.5463671568447201,0.017112255096435547,0.5401841655854656,0.02924799919128418,0.5385195140925892,0.07499575614929199,0.5354660676399419,0.11602306365966797,0.5330689694902001,0.3017771244049072,0.5694630072715974,0.05780816078186035,0.5450430454858152,0.18181705474853516,0.5401347016553915,0.3990929126739502,0.5352025770893553,0.6057090759277344,0.5337224641048322,1.2046988010406494,0.5320340318763433,2.747079849243164
46,0.551713066210414,6.198883056640625e-05,0.608786831680457,0.0001277923583984375,0.5707376547004284,8.726119995117188e-05,0.5136638892303856,9.703636169433594e-05,0.5897622431904427,0.00013208389282226562,0.6468360086604856,0.000225067138671875,0.5583716721819191,0.00011110305786132812,0.5431520013899077,0.00017309188842773438,0.49654175958937274,0.00024008750915527344,0.5393470836919048,0.00040602684020996094,0.5374446248429033,0.0007982254028320312,0.5193712657773899,0.001950979232788086,0.5746376953408813,0.00045490264892578125,0.5497154844189626,0.0012259483337402344,0.5358275348212522,0.0018689632415771484,0.530120158274248,0.003920793533325195,0.5377299936702536,0.008971214294433594,0.5327836006628499,0.021743059158325195,0.5709374128795736,0.011385679244995117,0.5427049235603923,0.018236875534057617,0.5399653828178304,0.028912067413330078,0.5376348707278036,0.05698394775390625,0.5325648178952147,0.1250162124633789,0.5321462769484344,0.27845287322998047,0.5698244744529077,0.058827877044677734,0.5451571930167551,0.18634390830993652,0.5397123557909131,0.4377870559692383,0.5352196992189963,0.5741019248962402,0.5340725165330484,1.2288870811462402,0.5332325809512142,2.750685214996338
47,0.5231761834753927,6.389617919921875e-05,0.551713066210414,0.0001990795135498047,0.5612253604554213,7.987022399902344e-05,0.551713066210414,9.489059448242188e-05,0.46610241800534985,0.0001308917999267578,0.6373237144154784,0.00022602081298828125,0.5812011783699362,0.00010228157043457031,0.5402983131164055,0.0002491474151611328,0.5212737246263913,0.0002570152282714844,0.5241274128998935,0.0004010200500488281,0.5364933954184027,0.0007538795471191406,0.5260298717488949,0.0018019676208496094,0.5673132287722259,0.0005040168762207031,0.536873887188203,0.001203298568725586,0.5417251572531566,0.0018429756164550781,0.5404885590013058,0.003535747528076172,0.5393470836919048,0.00972890853881836,0.5415349113682565,0.021605968475341797,0.568825683557182,0.013668060302734375,0.5423624809675721,0.017123699188232422,0.5378346289069487,0.029161930084228516,0.5363411987104826,0.05667996406555176,0.5341628833283759,0.12444424629211426,0.5309287032850736,0.28963398933410645,0.5699443293603947,0.07524394989013672,0.5445293815965847,0.1820998191833496,0.538880030044475,0.39420008659362793,0.5359844876762948,0.564255952835083,0.5343426656896065,1.5034089088439941,0.5326998924734938,2.746307849884033
48,0.551713066210414,6.103515625e-05,0.4565901237603427,0.00034618377685546875,0.551713066210414,7.82012939453125e-05,0.48512700649536417,9.512901306152344e-05,0.5707376547004284,0.00012683868408203125,0.5897622431904427,0.0002269744873046875,0.5783474900964342,0.00010204315185546875,0.5441032308144084,0.00018215179443359375,0.5317372482958992,0.00023818016052246094,0.555517983908417,0.0004000663757324219,0.5241274128998935,0.0007462501525878906,0.5469569190879106,0.001986980438232422,0.5642692946138235,0.0004601478576660156,0.5375397477853535,0.0012311935424804688,0.5312616335836488,0.0020799636840820312,0.5349714283392015,0.003679037094116211,0.5299299123893478,0.009057044982910156,0.5344006906845011,0.021888017654418945,0.5716793718306842,0.012644052505493164,0.5440176201662034,0.0179293155670166,0.5383863419731592,0.02858901023864746,0.5364933954184027,0.05624699592590332,0.5355992397593721,0.11665201187133789,0.5353043586377768,0.28144311904907227,0.569599033079301,0.05837082862854004,0.5452313889118663,0.18840789794921875,0.5396647943196881,0.3091568946838379,0.5359768778408988,0.5630908012390137,0.5332535079985533,1.5284059047698975,0.5328359182811975,2.7422549724578857
49,0.6182991259254641,7.605552673339844e-05,0.5612253604554213,0.0002601146697998047,0.542200771965407,8.320808410644531e-05,0.5897622431904427,9.393692016601562e-05,0.5326884777203998,0.00012874603271484375,0.551713066210414,0.00022411346435546875,0.5526642956349148,0.0001010894775390625,0.5412495425409062,0.0001800060272216797,0.5260298717488949,0.00029730796813964844,0.5574204427574184,0.0004100799560546875,0.5051028244098792,0.0008251667022705078,0.5108102009568835,0.0021681785583496094,0.5732108512041303,0.0004532337188720703,0.5416300343107066,0.0017161369323730469,0.5433422472748078,0.0018439292907714844,0.5364933954184027,0.003597736358642578,0.5366836413033029,0.00929570198059082,0.531547002410999,0.02241206169128418,0.5686164130837918,0.01337289810180664,0.5450164110619291,0.01799798011779785,0.5378726780839288,0.02783799171447754,0.5341628833283759,0.05508613586425781,0.5334209243772654,0.1185142993927002,0.5343911783902562,0.3003058433532715,0.5694810806306629,0.05826735496520996,0.544361013988448,0.18344616889953613,0.5390645685528281,0.28211426734924316,0.5358123151504602,0.560279130935669,0.534164785787225,1.5284669399261475,0.5345338628039312,2.743001937866211
